URI,ResourceType,Methods,Actions,Status,Manufacturer,Model,PartNumber,SerialNumber,UUID
/redfish/v1,#ServiceRoot.v1_19_0.ServiceRoot,GET,,200,,,,,00000000-0000-0000-0000-7CC25590E124
/redfish/v1/,#ServiceRoot.v1_19_0.ServiceRoot,GET,,200,,,,,00000000-0000-0000-0000-7CC25590E124
/redfish/v1/AccountService,#AccountService.v1_18_0.AccountService,"GET,PATCH",,200,,,,,
/redfish/v1/AccountService/Accounts,#ManagerAccountCollection.ManagerAccountCollection,"GET,POST",,200,,,,,
/redfish/v1/AccountService/Accounts/2,#ManagerAccount.v1_14_0.ManagerAccount,"GET,PATCH,DELETE",,200,,,,,
/redfish/v1/AccountService/Roles,#RoleCollection.RoleCollection,GET,,200,,,,,
/redfish/v1/AccountService/Roles/Administrator,#Role.v1_3_2.Role,GET,,200,,,,,
/redfish/v1/AccountService/Roles/NoAccess,#Role.v1_3_2.Role,GET,,200,,,,,
/redfish/v1/AccountService/Roles/Operator,#Role.v1_3_2.Role,GET,,200,,,,,
/redfish/v1/AccountService/Roles/ReadOnly,#Role.v1_3_2.Role,GET,,200,,,,,
/redfish/v1/CertificateService,#CertificateService.v1_1_0.CertificateService,GET,"CertificateService.GenerateCSR,CertificateService.ReplaceCertificate",200,,,,,
/redfish/v1/CertificateService/CertificateLocations,#CertificateLocations.v1_0_4.CertificateLocations,GET,,200,,,,,
/redfish/v1/Chassis,#ChassisCollection.ChassisCollection,GET,,200,,,,,
/redfish/v1/Chassis/1,#Chassis.v1_27_0.Chassis,"GET,PATCH",Chassis.Reset,200,Supermicro,Super Server,,0123456789,35363031-4D53-7CC2-5590-E12400000000
/redfish/v1/Chassis/1/,#Chassis.v1_27_0.Chassis,"GET,PATCH",Chassis.Reset,200,Supermicro,Super Server,,0123456789,35363031-4D53-7CC2-5590-E12400000000
/redfish/v1/Chassis/1/Assembly,#Assembly.v1_5_1.Assembly,GET,,200,,,,,
/redfish/v1/Chassis/1/Controls,#ControlCollection.ControlCollection,GET,,200,,,,,
/redfish/v1/Chassis/1/Controls/CPU_PowerLimit,#Control.v1_7_0.Control,"GET,PATCH",,200,,,,,
/redfish/v1/Chassis/1/EnvironmentMetrics,#EnvironmentMetrics.v1_5_0.EnvironmentMetrics,GET,,200,,,,,
/redfish/v1/Chassis/1/NetworkAdapters,#NetworkAdapterCollection.NetworkAdapterCollection,GET,,200,,,,,
/redfish/v1/Chassis/1/PCIeDevices,#PCIeDeviceCollection.PCIeDeviceCollection,GET,,200,,,,,
/redfish/v1/Chassis/1/PCIeSlots,#PCIeSlots.v1_6_1.PCIeSlots,GET,,200,,,,,
/redfish/v1/Chassis/1/PowerSubsystem,#PowerSubsystem.v1_1_2.PowerSubsystem,GET,,200,,,,,
/redfish/v1/Chassis/1/PowerSubsystem/PowerSupplies,#PowerSupplyCollection.PowerSupplyCollection,GET,,200,,,,,
/redfish/v1/Chassis/1/Sensors,#SensorCollection.SensorCollection,GET,,200,,,,,
/redfish/v1/Chassis/1/Sensors/BMC1.0V,#Sensor.v1_11_0.Sensor,"GET,PATCH",,200,,,,,
/redfish/v1/Chassis/1/Sensors/BMC1.2V,#Sensor.v1_11_0.Sensor,"GET,PATCH",,200,,,,,
/redfish/v1/Chassis/1/Sensors/BMC1.8V,#Sensor.v1_11_0.Sensor,"GET,PATCH",,200,,,,,
/redfish/v1/Chassis/1/Sensors/BMC2.5V,#Sensor.v1_11_0.Sensor,"GET,PATCH",,200,,,,,
/redfish/v1/Chassis/1/Sensors/CPU1Temp,#Sensor.v1_11_0.Sensor,"GET,PATCH",,200,,,,,
/redfish/v1/Chassis/1/Sensors/CPU1_VCCHV0,#Sensor.v1_11_0.Sensor,"GET,PATCH",,200,,,,,
/redfish/v1/Chassis/1/Sensors/CPU1_VCCIN,#Sensor.v1_11_0.Sensor,"GET,PATCH",,200,,,,,
/redfish/v1/Chassis/1/Sensors/CPU1_VCCON,#Sensor.v1_11_0.Sensor,"GET,PATCH",,200,,,,,
/redfish/v1/Chassis/1/Sensors/CPU1_VRMHV0Temp,#Sensor.v1_11_0.Sensor,"GET,PATCH",,200,,,,,
/redfish/v1/Chassis/1/Sensors/CPU1_VRMINTemp,#Sensor.v1_11_0.Sensor,"GET,PATCH",,200,,,,,
/redfish/v1/Chassis/1/Sensors/CPU1_VRMONTemp,#Sensor.v1_11_0.Sensor,"GET,PATCH",,200,,,,,
/redfish/v1/Chassis/1/Sensors/CPU2Temp,#Sensor.v1_11_0.Sensor,"GET,PATCH",,200,,,,,
/redfish/v1/Chassis/1/Sensors/CPU2_VCCHV0,#Sensor.v1_11_0.Sensor,"GET,PATCH",,200,,,,,
/redfish/v1/Chassis/1/Sensors/CPU2_VCCIN,#Sensor.v1_11_0.Sensor,"GET,PATCH",,200,,,,,
/redfish/v1/Chassis/1/Sensors/CPU2_VCCON,#Sensor.v1_11_0.Sensor,"GET,PATCH",,200,,,,,
/redfish/v1/Chassis/1/Sensors/CPU2_VRMHV0Temp,#Sensor.v1_11_0.Sensor,"GET,PATCH",,200,,,,,
/redfish/v1/Chassis/1/Sensors/CPU2_VRMINTemp,#Sensor.v1_11_0.Sensor,"GET,PATCH",,200,,,,,
/redfish/v1/Chassis/1/Sensors/CPU2_VRMONTemp,#Sensor.v1_11_0.Sensor,"GET,PATCH",,200,,,,,
/redfish/v1/Chassis/1/Sensors/ChassisIntru,#Sensor.v1_11_0.Sensor,"GET,PATCH",,200,,,,,
/redfish/v1/Chassis/1/Sensors/FAN1,#Sensor.v1_11_0.Sensor,"GET,PATCH",,200,,,,,
/redfish/v1/Chassis/1/Sensors/FAN2,#Sensor.v1_11_0.Sensor,"GET,PATCH",,200,,,,,
/redfish/v1/Chassis/1/Sensors/FAN3,#Sensor.v1_11_0.Sensor,"GET,PATCH",,200,,,,,
/redfish/v1/Chassis/1/Sensors/FAN4,#Sensor.v1_11_0.Sensor,"GET,PATCH",,200,,,,,
/redfish/v1/Chassis/1/Sensors/FAN5,#Sensor.v1_11_0.Sensor,"GET,PATCH",,200,,,,,
/redfish/v1/Chassis/1/Sensors/FAN6,#Sensor.v1_11_0.Sensor,"GET,PATCH",,200,,,,,
/redfish/v1/Chassis/1/Sensors/FANA,#Sensor.v1_11_0.Sensor,"GET,PATCH",,200,,,,,
/redfish/v1/Chassis/1/Sensors/FANB,#Sensor.v1_11_0.Sensor,"GET,PATCH",,200,,,,,
/redfish/v1/Chassis/1/Sensors/InletTemp,#Sensor.v1_11_0.Sensor,"GET,PATCH",,200,,,,,
/redfish/v1/Chassis/1/Sensors/M2_SSD1Temp,#Sensor.v1_11_0.Sensor,"GET,PATCH",,200,,,,,
/redfish/v1/Chassis/1/Sensors/M2_SSD2Temp,#Sensor.v1_11_0.Sensor,"GET,PATCH",,200,,,,,
/redfish/v1/Chassis/1/Sensors/MB12V,#Sensor.v1_11_0.Sensor,"GET,PATCH",,200,,,,,
/redfish/v1/Chassis/1/Sensors/MB3.3VCC,#Sensor.v1_11_0.Sensor,"GET,PATCH",,200,,,,,
/redfish/v1/Chassis/1/Sensors/MB3.3VSB,#Sensor.v1_11_0.Sensor,"GET,PATCH",,200,,,,,
/redfish/v1/Chassis/1/Sensors/MB5VCC,#Sensor.v1_11_0.Sensor,"GET,PATCH",,200,,,,,
/redfish/v1/Chassis/1/Sensors/MB5VSB,#Sensor.v1_11_0.Sensor,"GET,PATCH",,200,,,,,
/redfish/v1/Chassis/1/Sensors/NICTemp,#Sensor.v1_11_0.Sensor,"GET,PATCH",,200,,,,,
/redfish/v1/Chassis/1/Sensors/P1_DIMMA~DTemp,#Sensor.v1_11_0.Sensor,"GET,PATCH",,200,,,,,
/redfish/v1/Chassis/1/Sensors/P1_DIMME~HTemp,#Sensor.v1_11_0.Sensor,"GET,PATCH",,200,,,,,
/redfish/v1/Chassis/1/Sensors/P2_DIMMA~DTemp,#Sensor.v1_11_0.Sensor,"GET,PATCH",,200,,,,,
/redfish/v1/Chassis/1/Sensors/P2_DIMME~HTemp,#Sensor.v1_11_0.Sensor,"GET,PATCH",,200,,,,,
/redfish/v1/Chassis/1/Sensors/PeripheralTemp,#Sensor.v1_11_0.Sensor,"GET,PATCH",,200,,,,,
/redfish/v1/Chassis/1/Sensors/SystemTemp,#Sensor.v1_11_0.Sensor,"GET,PATCH",,200,,,,,
/redfish/v1/Chassis/1/Sensors/VBAT,#Sensor.v1_11_0.Sensor,"GET,PATCH",,200,,,,,
/redfish/v1/Chassis/1/ThermalSubsystem,#ThermalSubsystem.v1_4_0.ThermalSubsystem,GET,,200,,,,,
/redfish/v1/Chassis/1/ThermalSubsystem/Fans,#FanCollection.FanCollection,GET,,200,,,,,
/redfish/v1/Chassis/1/ThermalSubsystem/Fans/FAN1,#Fan.v1_5_2.Fan,GET,,200,,,,,
/redfish/v1/Chassis/1/ThermalSubsystem/Fans/FAN2,#Fan.v1_5_2.Fan,GET,,200,,,,,
/redfish/v1/Chassis/1/ThermalSubsystem/Fans/FAN3,#Fan.v1_5_2.Fan,GET,,200,,,,,
/redfish/v1/Chassis/1/ThermalSubsystem/Fans/FAN4,#Fan.v1_5_2.Fan,GET,,200,,,,,
/redfish/v1/Chassis/1/ThermalSubsystem/Fans/FAN5,#Fan.v1_5_2.Fan,GET,,200,,,,,
/redfish/v1/Chassis/1/ThermalSubsystem/Fans/FAN6,#Fan.v1_5_2.Fan,GET,,200,,,,,
/redfish/v1/Chassis/1/ThermalSubsystem/Fans/FANA,#Fan.v1_5_2.Fan,GET,,200,,,,,
/redfish/v1/Chassis/1/ThermalSubsystem/Fans/FANB,#Fan.v1_5_2.Fan,GET,,200,,,,,
/redfish/v1/Chassis/1/ThermalSubsystem/ThermalMetrics,#ThermalMetrics.v1_3_2.ThermalMetrics,GET,,200,,,,,
/redfish/v1/ComponentIntegrity,#ComponentIntegrityCollection.ComponentIntegrityCollection,GET,,200,,,,,
/redfish/v1/EventService,#EventService.v1_11_0.EventService,"GET,PATCH",EventService.SubmitTestEvent,200,,,,,
/redfish/v1/EventService/Subscriptions,#EventDestinationCollection.EventDestinationCollection,"GET,POST",,200,,,,,
/redfish/v1/Fabrics,#FabricCollection.FabricCollection,GET,,200,,,,,
/redfish/v1/JsonSchemas,#JsonSchemaFileCollection.JsonSchemaFileCollection,GET,,200,,,,,
/redfish/v1/JsonSchemas/AccountService,#JsonSchemaFile.v1_0_2.JsonSchemaFile,GET,,200,,,,,
/redfish/v1/JsonSchemas/ActionInfo,#JsonSchemaFile.v1_0_2.JsonSchemaFile,GET,,200,,,,,
/redfish/v1/JsonSchemas/ActivateLicense,#JsonSchemaFile.v1_0_2.JsonSchemaFile,GET,,200,,,,,
/redfish/v1/JsonSchemas/AggregationService,#JsonSchemaFile.v1_0_2.JsonSchemaFile,GET,,200,,,,,
/redfish/v1/JsonSchemas/AggregationSource,#JsonSchemaFile.v1_0_2.JsonSchemaFile,GET,,200,,,,,
/redfish/v1/JsonSchemas/AggregationSourceCollection,#JsonSchemaFile.v1_0_2.JsonSchemaFile,GET,,200,,,,,
/redfish/v1/JsonSchemas/Assembly,#JsonSchemaFile.v1_0_2.JsonSchemaFile,GET,,200,,,,,
/redfish/v1/JsonSchemas/AttributeRegistry,#JsonSchemaFile.v1_0_2.JsonSchemaFile,GET,,200,,,,,
/redfish/v1/JsonSchemas/Bios,#JsonSchemaFile.v1_0_2.JsonSchemaFile,GET,,200,,,,,
/redfish/v1/JsonSchemas/Cable,#JsonSchemaFile.v1_0_2.JsonSchemaFile,GET,,200,,,,,
/redfish/v1/JsonSchemas/CableCollection,#JsonSchemaFile.v1_0_2.JsonSchemaFile,GET,,200,,,,,
/redfish/v1/JsonSchemas/Certificate,#JsonSchemaFile.v1_0_2.JsonSchemaFile,GET,,200,,,,,
/redfish/v1/JsonSchemas/CertificateCollection,#JsonSchemaFile.v1_0_2.JsonSchemaFile,GET,,200,,,,,
/redfish/v1/JsonSchemas/CertificateLocations,#JsonSchemaFile.v1_0_2.JsonSchemaFile,GET,,200,,,,,
/redfish/v1/JsonSchemas/CertificateService,#JsonSchemaFile.v1_0_2.JsonSchemaFile,GET,,200,,,,,
/redfish/v1/JsonSchemas/Chassis,#JsonSchemaFile.v1_0_2.JsonSchemaFile,GET,,200,,,,,
/redfish/v1/JsonSchemas/ChassisCollection,#JsonSchemaFile.v1_0_2.JsonSchemaFile,GET,,200,,,,,
/redfish/v1/JsonSchemas/ClearLicense,#JsonSchemaFile.v1_0_2.JsonSchemaFile,GET,,200,,,,,
/redfish/v1/JsonSchemas/ComponentIntegrity,#JsonSchemaFile.v1_0_2.JsonSchemaFile,GET,,200,,,,,
/redfish/v1/JsonSchemas/ComponentIntegrityCollection,#JsonSchemaFile.v1_0_2.JsonSchemaFile,GET,,200,,,,,
/redfish/v1/JsonSchemas/ComputerSystem,#JsonSchemaFile.v1_0_2.JsonSchemaFile,GET,,200,,,,,
/redfish/v1/JsonSchemas/ComputerSystemCollection,#JsonSchemaFile.v1_0_2.JsonSchemaFile,GET,,200,,,,,
/redfish/v1/JsonSchemas/DeviceUpdate,#JsonSchemaFile.v1_0_2.JsonSchemaFile,GET,,200,,,,,
/redfish/v1/JsonSchemas/Drive,#JsonSchemaFile.v1_0_2.JsonSchemaFile,GET,,200,,,,,
/redfish/v1/JsonSchemas/DriveCollection,#JsonSchemaFile.v1_0_2.JsonSchemaFile,GET,,200,,,,,
/redfish/v1/JsonSchemas/Dump,#JsonSchemaFile.v1_0_2.JsonSchemaFile,GET,,200,,,,,
/redfish/v1/JsonSchemas/DumpCollection,#JsonSchemaFile.v1_0_2.JsonSchemaFile,GET,,200,,,,,
/redfish/v1/JsonSchemas/DumpService,#JsonSchemaFile.v1_0_2.JsonSchemaFile,GET,,200,,,,,
/redfish/v1/JsonSchemas/EnvironmentMetrics,#JsonSchemaFile.v1_0_2.JsonSchemaFile,GET,,200,,,,,
/redfish/v1/JsonSchemas/EthernetInterface,#JsonSchemaFile.v1_0_2.JsonSchemaFile,GET,,200,,,,,
/redfish/v1/JsonSchemas/EthernetInterfaceCollection,#JsonSchemaFile.v1_0_2.JsonSchemaFile,GET,,200,,,,,
/redfish/v1/JsonSchemas/Event,#JsonSchemaFile.v1_0_2.JsonSchemaFile,GET,,200,,,,,
/redfish/v1/JsonSchemas/EventDestination,#JsonSchemaFile.v1_0_2.JsonSchemaFile,GET,,200,,,,,
/redfish/v1/JsonSchemas/EventDestinationCollection,#JsonSchemaFile.v1_0_2.JsonSchemaFile,GET,,200,,,,,
/redfish/v1/JsonSchemas/EventService,#JsonSchemaFile.v1_0_2.JsonSchemaFile,GET,,200,,,,,
/redfish/v1/JsonSchemas/FabricAdapter,#JsonSchemaFile.v1_0_2.JsonSchemaFile,GET,,200,,,,,
/redfish/v1/JsonSchemas/FabricAdapterCollection,#JsonSchemaFile.v1_0_2.JsonSchemaFile,GET,,200,,,,,
/redfish/v1/JsonSchemas/Fan,#JsonSchemaFile.v1_0_2.JsonSchemaFile,GET,,200,,,,,
/redfish/v1/JsonSchemas/FanCollection,#JsonSchemaFile.v1_0_2.JsonSchemaFile,GET,,200,,,,,
/redfish/v1/JsonSchemas/FanMode,#JsonSchemaFile.v1_0_2.JsonSchemaFile,GET,,200,,,,,
/redfish/v1/JsonSchemas/FilterRule,#JsonSchemaFile.v1_0_2.JsonSchemaFile,GET,,200,,,,,
/redfish/v1/JsonSchemas/FilterRuleCollection,#JsonSchemaFile.v1_0_2.JsonSchemaFile,GET,,200,,,,,
/redfish/v1/JsonSchemas/GPUDevice,#JsonSchemaFile.v1_0_2.JsonSchemaFile,GET,,200,,,,,
/redfish/v1/JsonSchemas/HARAIDController,#JsonSchemaFile.v1_0_2.JsonSchemaFile,GET,,200,,,,,
/redfish/v1/JsonSchemas/IKVM,#JsonSchemaFile.v1_0_2.JsonSchemaFile,GET,,200,,,,,
/redfish/v1/JsonSchemas/IPAccessControl,#JsonSchemaFile.v1_0_2.JsonSchemaFile,GET,,200,,,,,
/redfish/v1/JsonSchemas/IPAddresses,#JsonSchemaFile.v1_0_2.JsonSchemaFile,GET,,200,,,,,
/redfish/v1/JsonSchemas/IPMIConfig,#JsonSchemaFile.v1_0_2.JsonSchemaFile,GET,,200,,,,,
/redfish/v1/JsonSchemas/JsonSchemaFile,#JsonSchemaFile.v1_0_2.JsonSchemaFile,GET,,200,,,,,
/redfish/v1/JsonSchemas/JsonSchemaFileCollection,#JsonSchemaFile.v1_0_2.JsonSchemaFile,GET,,200,,,,,
/redfish/v1/JsonSchemas/KCSInterface,#JsonSchemaFile.v1_0_2.JsonSchemaFile,GET,,200,,,,,
/redfish/v1/JsonSchemas/LicenseManager,#JsonSchemaFile.v1_0_2.JsonSchemaFile,GET,,200,,,,,
/redfish/v1/JsonSchemas/LldpService,#JsonSchemaFile.v1_0_2.JsonSchemaFile,GET,,200,,,,,
/redfish/v1/JsonSchemas/LogEntry,#JsonSchemaFile.v1_0_2.JsonSchemaFile,GET,,200,,,,,
/redfish/v1/JsonSchemas/LogEntryCollection,#JsonSchemaFile.v1_0_2.JsonSchemaFile,GET,,200,,,,,
/redfish/v1/JsonSchemas/LogService,#JsonSchemaFile.v1_0_2.JsonSchemaFile,GET,,200,,,,,
/redfish/v1/JsonSchemas/LogServiceCollection,#JsonSchemaFile.v1_0_2.JsonSchemaFile,GET,,200,,,,,
/redfish/v1/JsonSchemas/Manager,#JsonSchemaFile.v1_0_2.JsonSchemaFile,GET,,200,,,,,
/redfish/v1/JsonSchemas/ManagerAccount,#JsonSchemaFile.v1_0_2.JsonSchemaFile,GET,,200,,,,,
/redfish/v1/JsonSchemas/ManagerAccountCollection,#JsonSchemaFile.v1_0_2.JsonSchemaFile,GET,,200,,,,,
/redfish/v1/JsonSchemas/ManagerCollection,#JsonSchemaFile.v1_0_2.JsonSchemaFile,GET,,200,,,,,
/redfish/v1/JsonSchemas/ManagerConfig,#JsonSchemaFile.v1_0_2.JsonSchemaFile,GET,,200,,,,,
/redfish/v1/JsonSchemas/ManagerDiagnosticData,#JsonSchemaFile.v1_0_2.JsonSchemaFile,GET,,200,,,,,
/redfish/v1/JsonSchemas/ManagerNetworkProtocol,#JsonSchemaFile.v1_0_2.JsonSchemaFile,GET,,200,,,,,
/redfish/v1/JsonSchemas/Memory,#JsonSchemaFile.v1_0_2.JsonSchemaFile,GET,,200,,,,,
/redfish/v1/JsonSchemas/MemoryCollection,#JsonSchemaFile.v1_0_2.JsonSchemaFile,GET,,200,,,,,
/redfish/v1/JsonSchemas/MemoryHealthComp,#JsonSchemaFile.v1_0_2.JsonSchemaFile,GET,,200,,,,,
/redfish/v1/JsonSchemas/MemoryPFA,#JsonSchemaFile.v1_0_2.JsonSchemaFile,GET,,200,,,,,
/redfish/v1/JsonSchemas/Message,#JsonSchemaFile.v1_0_2.JsonSchemaFile,GET,,200,,,,,
/redfish/v1/JsonSchemas/MessageRegistry,#JsonSchemaFile.v1_0_2.JsonSchemaFile,GET,,200,,,,,
/redfish/v1/JsonSchemas/MessageRegistryCollection,#JsonSchemaFile.v1_0_2.JsonSchemaFile,GET,,200,,,,,
/redfish/v1/JsonSchemas/MessageRegistryFile,#JsonSchemaFile.v1_0_2.JsonSchemaFile,GET,,200,,,,,
/redfish/v1/JsonSchemas/MessageRegistryFileCollection,#JsonSchemaFile.v1_0_2.JsonSchemaFile,GET,,200,,,,,
/redfish/v1/JsonSchemas/MetricDefinition,#JsonSchemaFile.v1_0_2.JsonSchemaFile,GET,,200,,,,,
/redfish/v1/JsonSchemas/MetricDefinitionCollection,#JsonSchemaFile.v1_0_2.JsonSchemaFile,GET,,200,,,,,
/redfish/v1/JsonSchemas/MetricReport,#JsonSchemaFile.v1_0_2.JsonSchemaFile,GET,,200,,,,,
/redfish/v1/JsonSchemas/MetricReportCollection,#JsonSchemaFile.v1_0_2.JsonSchemaFile,GET,,200,,,,,
/redfish/v1/JsonSchemas/MetricReportDefinition,#JsonSchemaFile.v1_0_2.JsonSchemaFile,GET,,200,,,,,
/redfish/v1/JsonSchemas/MetricReportDefinitionCollection,#JsonSchemaFile.v1_0_2.JsonSchemaFile,GET,,200,,,,,
/redfish/v1/JsonSchemas/MouseMode,#JsonSchemaFile.v1_0_2.JsonSchemaFile,GET,,200,,,,,
/redfish/v1/JsonSchemas/NTP,#JsonSchemaFile.v1_0_2.JsonSchemaFile,GET,,200,,,,,
/redfish/v1/JsonSchemas/OperatingConfig,#JsonSchemaFile.v1_0_2.JsonSchemaFile,GET,,200,,,,,
/redfish/v1/JsonSchemas/OperatingConfigCollection,#JsonSchemaFile.v1_0_2.JsonSchemaFile,GET,,200,,,,,
/redfish/v1/JsonSchemas/PCIeDevice,#JsonSchemaFile.v1_0_2.JsonSchemaFile,GET,,200,,,,,
/redfish/v1/JsonSchemas/PCIeDeviceCollection,#JsonSchemaFile.v1_0_2.JsonSchemaFile,GET,,200,,,,,
/redfish/v1/JsonSchemas/PCIeFunction,#JsonSchemaFile.v1_0_2.JsonSchemaFile,GET,,200,,,,,
/redfish/v1/JsonSchemas/PCIeFunctionCollection,#JsonSchemaFile.v1_0_2.JsonSchemaFile,GET,,200,,,,,
/redfish/v1/JsonSchemas/PCIeSlots,#JsonSchemaFile.v1_0_2.JsonSchemaFile,GET,,200,,,,,
/redfish/v1/JsonSchemas/Peci,#JsonSchemaFile.v1_0_2.JsonSchemaFile,GET,,200,,,,,
/redfish/v1/JsonSchemas/PhysicalContext,#JsonSchemaFile.v1_0_2.JsonSchemaFile,GET,,200,,,,,
/redfish/v1/JsonSchemas/Port,#JsonSchemaFile.v1_0_2.JsonSchemaFile,GET,,200,,,,,
/redfish/v1/JsonSchemas/PortCollection,#JsonSchemaFile.v1_0_2.JsonSchemaFile,GET,,200,,,,,
/redfish/v1/JsonSchemas/Power,#JsonSchemaFile.v1_0_2.JsonSchemaFile,GET,,200,,,,,
/redfish/v1/JsonSchemas/PowerSubsystem,#JsonSchemaFile.v1_0_2.JsonSchemaFile,GET,,200,,,,,
/redfish/v1/JsonSchemas/PowerSupply,#JsonSchemaFile.v1_0_2.JsonSchemaFile,GET,,200,,,,,
/redfish/v1/JsonSchemas/PowerSupplyCollection,#JsonSchemaFile.v1_0_2.JsonSchemaFile,GET,,200,,,,,
/redfish/v1/JsonSchemas/Privileges,#JsonSchemaFile.v1_0_2.JsonSchemaFile,GET,,200,,,,,
/redfish/v1/JsonSchemas/Processor,#JsonSchemaFile.v1_0_2.JsonSchemaFile,GET,,200,,,,,
/redfish/v1/JsonSchemas/ProcessorCollection,#JsonSchemaFile.v1_0_2.JsonSchemaFile,GET,,200,,,,,
/redfish/v1/JsonSchemas/Protocol,#JsonSchemaFile.v1_0_2.JsonSchemaFile,GET,,200,,,,,
/redfish/v1/JsonSchemas/QueryLicense,#JsonSchemaFile.v1_0_2.JsonSchemaFile,GET,,200,,,,,
/redfish/v1/JsonSchemas/RADIUS,#JsonSchemaFile.v1_0_2.JsonSchemaFile,GET,,200,,,,,
/redfish/v1/JsonSchemas/Redundancy,#JsonSchemaFile.v1_0_2.JsonSchemaFile,GET,,200,,,,,
/redfish/v1/JsonSchemas/Resource,#JsonSchemaFile.v1_0_2.JsonSchemaFile,GET,,200,,,,,
/redfish/v1/JsonSchemas/Role,#JsonSchemaFile.v1_0_2.JsonSchemaFile,GET,,200,,,,,
/redfish/v1/JsonSchemas/RoleCollection,#JsonSchemaFile.v1_0_2.JsonSchemaFile,GET,,200,,,,,
/redfish/v1/JsonSchemas/SMCRAKP,#JsonSchemaFile.v1_0_2.JsonSchemaFile,GET,,200,,,,,
/redfish/v1/JsonSchemas/SSLCert,#JsonSchemaFile.v1_0_2.JsonSchemaFile,GET,,200,,,,,
/redfish/v1/JsonSchemas/Sensor,#JsonSchemaFile.v1_0_2.JsonSchemaFile,GET,,200,,,,,
/redfish/v1/JsonSchemas/SensorCollection,#JsonSchemaFile.v1_0_2.JsonSchemaFile,GET,,200,,,,,
/redfish/v1/JsonSchemas/ServiceRoot,#JsonSchemaFile.v1_0_2.JsonSchemaFile,GET,,200,,,,,
/redfish/v1/JsonSchemas/Session,#JsonSchemaFile.v1_0_2.JsonSchemaFile,GET,,200,,,,,
/redfish/v1/JsonSchemas/SessionCollection,#JsonSchemaFile.v1_0_2.JsonSchemaFile,GET,,200,,,,,
/redfish/v1/JsonSchemas/SessionService,#JsonSchemaFile.v1_0_2.JsonSchemaFile,GET,,200,,,,,
/redfish/v1/JsonSchemas/Settings,#JsonSchemaFile.v1_0_2.JsonSchemaFile,GET,,200,,,,,
/redfish/v1/JsonSchemas/SmartPower,#JsonSchemaFile.v1_0_2.JsonSchemaFile,GET,,200,,,,,
/redfish/v1/JsonSchemas/SmcAccountServiceExtensions,#JsonSchemaFile.v1_0_2.JsonSchemaFile,GET,,200,,,,,
/redfish/v1/JsonSchemas/SmcChassisExtensions,#JsonSchemaFile.v1_0_2.JsonSchemaFile,GET,,200,,,,,
/redfish/v1/JsonSchemas/SmcChassisNVMESSDExtensions,#JsonSchemaFile.v1_0_2.JsonSchemaFile,GET,,200,,,,,
/redfish/v1/JsonSchemas/SmcDriveExtensions,#JsonSchemaFile.v1_0_2.JsonSchemaFile,GET,,200,,,,,
/redfish/v1/JsonSchemas/SmcEthernetInterfaceExtensions,#JsonSchemaFile.v1_0_2.JsonSchemaFile,GET,,200,,,,,
/redfish/v1/JsonSchemas/SmcEventDestinationExtensions,#JsonSchemaFile.v1_0_2.JsonSchemaFile,GET,,200,,,,,
/redfish/v1/JsonSchemas/SmcFanExtensions,#JsonSchemaFile.v1_0_2.JsonSchemaFile,GET,,200,,,,,
/redfish/v1/JsonSchemas/SmcFirmwareInventory,#JsonSchemaFile.v1_0_2.JsonSchemaFile,GET,,200,,,,,
/redfish/v1/JsonSchemas/SmcFirmwareInventoryCollection,#JsonSchemaFile.v1_0_2.JsonSchemaFile,GET,,200,,,,,
/redfish/v1/JsonSchemas/SmcFixedBootOrder,#JsonSchemaFile.v1_0_2.JsonSchemaFile,GET,,200,,,,,
/redfish/v1/JsonSchemas/SmcGPUExtensions,#JsonSchemaFile.v1_0_2.JsonSchemaFile,GET,,200,,,,,
/redfish/v1/JsonSchemas/SmcHARAIDController,#JsonSchemaFile.v1_0_2.JsonSchemaFile,GET,,200,,,,,
/redfish/v1/JsonSchemas/SmcIPMIConfig,#JsonSchemaFile.v1_0_2.JsonSchemaFile,GET,,200,,,,,
/redfish/v1/JsonSchemas/SmcLogEntryExtensions,#JsonSchemaFile.v1_0_2.JsonSchemaFile,GET,,200,,,,,
/redfish/v1/JsonSchemas/SmcLogService,#JsonSchemaFile.v1_0_2.JsonSchemaFile,GET,,200,,,,,
/redfish/v1/JsonSchemas/SmcLogServiceExtensions,#JsonSchemaFile.v1_0_2.JsonSchemaFile,GET,,200,,,,,
/redfish/v1/JsonSchemas/SmcManagerExtensions,#JsonSchemaFile.v1_0_2.JsonSchemaFile,GET,,200,,,,,
/redfish/v1/JsonSchemas/SmcMemoryExtensions,#JsonSchemaFile.v1_0_2.JsonSchemaFile,GET,,200,,,,,
/redfish/v1/JsonSchemas/SmcMultiNodeCollection,#JsonSchemaFile.v1_0_2.JsonSchemaFile,GET,,200,,,,,
/redfish/v1/JsonSchemas/SmcNode,#JsonSchemaFile.v1_0_2.JsonSchemaFile,GET,,200,,,,,
/redfish/v1/JsonSchemas/SmcNodeManager,#JsonSchemaFile.v1_0_2.JsonSchemaFile,GET,,200,,,,,
/redfish/v1/JsonSchemas/SmcPowerExtensions,#JsonSchemaFile.v1_0_2.JsonSchemaFile,GET,,200,,,,,
/redfish/v1/JsonSchemas/SmcProcessorsExtensions,#JsonSchemaFile.v1_0_2.JsonSchemaFile,GET,,200,,,,,
/redfish/v1/JsonSchemas/SmcSSLCert,#JsonSchemaFile.v1_0_2.JsonSchemaFile,GET,,200,,,,,
/redfish/v1/JsonSchemas/SmcSensorExtensions,#JsonSchemaFile.v1_0_2.JsonSchemaFile,GET,,200,,,,,
/redfish/v1/JsonSchemas/SmcServiceRootExtensions,#JsonSchemaFile.v1_0_2.JsonSchemaFile,GET,,200,,,,,
/redfish/v1/JsonSchemas/SmcSoftwareInventoryExtensions,#JsonSchemaFile.v1_0_2.JsonSchemaFile,GET,,200,,,,,
/redfish/v1/JsonSchemas/SmcStorageExtensions,#JsonSchemaFile.v1_0_2.JsonSchemaFile,GET,,200,,,,,
/redfish/v1/JsonSchemas/SmcSystemExtensions,#JsonSchemaFile.v1_0_2.JsonSchemaFile,GET,,200,,,,,
/redfish/v1/JsonSchemas/SmcTemperatureExtensions,#JsonSchemaFile.v1_0_2.JsonSchemaFile,GET,,200,,,,,
/redfish/v1/JsonSchemas/SmcUpdateServiceExtensions,#JsonSchemaFile.v1_0_2.JsonSchemaFile,GET,,200,,,,,
/redfish/v1/JsonSchemas/SmcVolumeExtensions,#JsonSchemaFile.v1_0_2.JsonSchemaFile,GET,,200,,,,,
/redfish/v1/JsonSchemas/Snooping,#JsonSchemaFile.v1_0_2.JsonSchemaFile,GET,,200,,,,,
/redfish/v1/JsonSchemas/SoftwareInventory,#JsonSchemaFile.v1_0_2.JsonSchemaFile,GET,,200,,,,,
/redfish/v1/JsonSchemas/SoftwareInventoryCollection,#JsonSchemaFile.v1_0_2.JsonSchemaFile,GET,,200,,,,,
/redfish/v1/JsonSchemas/Storage,#JsonSchemaFile.v1_0_2.JsonSchemaFile,GET,,200,,,,,
/redfish/v1/JsonSchemas/StorageCollection,#JsonSchemaFile.v1_0_2.JsonSchemaFile,GET,,200,,,,,
/redfish/v1/JsonSchemas/StorageController,#JsonSchemaFile.v1_0_2.JsonSchemaFile,GET,,200,,,,,
/redfish/v1/JsonSchemas/StorageControllerCollection,#JsonSchemaFile.v1_0_2.JsonSchemaFile,GET,,200,,,,,
/redfish/v1/JsonSchemas/SysLockdown,#JsonSchemaFile.v1_0_2.JsonSchemaFile,GET,,200,,,,,
/redfish/v1/JsonSchemas/Syslog,#JsonSchemaFile.v1_0_2.JsonSchemaFile,GET,,200,,,,,
/redfish/v1/JsonSchemas/Task,#JsonSchemaFile.v1_0_2.JsonSchemaFile,GET,,200,,,,,
/redfish/v1/JsonSchemas/TaskCollection,#JsonSchemaFile.v1_0_2.JsonSchemaFile,GET,,200,,,,,
/redfish/v1/JsonSchemas/TaskService,#JsonSchemaFile.v1_0_2.JsonSchemaFile,GET,,200,,,,,
/redfish/v1/JsonSchemas/TelemetryService,#JsonSchemaFile.v1_0_2.JsonSchemaFile,GET,,200,,,,,
/redfish/v1/JsonSchemas/Thermal,#JsonSchemaFile.v1_0_2.JsonSchemaFile,GET,,200,,,,,
/redfish/v1/JsonSchemas/ThermalMetrics,#JsonSchemaFile.v1_0_2.JsonSchemaFile,GET,,200,,,,,
/redfish/v1/JsonSchemas/ThermalSubsystem,#JsonSchemaFile.v1_0_2.JsonSchemaFile,GET,,200,,,,,
/redfish/v1/JsonSchemas/Triggers,#JsonSchemaFile.v1_0_2.JsonSchemaFile,GET,,200,,,,,
/redfish/v1/JsonSchemas/TriggersCollection,#JsonSchemaFile.v1_0_2.JsonSchemaFile,GET,,200,,,,,
/redfish/v1/JsonSchemas/UpdateService,#JsonSchemaFile.v1_0_2.JsonSchemaFile,GET,,200,,,,,
/redfish/v1/JsonSchemas/VirtualMedia,#JsonSchemaFile.v1_0_2.JsonSchemaFile,GET,,200,,,,,
/redfish/v1/JsonSchemas/VirtualMediaCollection,#JsonSchemaFile.v1_0_2.JsonSchemaFile,GET,,200,,,,,
/redfish/v1/JsonSchemas/VirtualMediaConfig,#JsonSchemaFile.v1_0_2.JsonSchemaFile,GET,,200,,,,,
/redfish/v1/JsonSchemas/VolumeConfig,#JsonSchemaFile.v1_0_2.JsonSchemaFile,GET,,200,,,,,
/redfish/v1/JsonSchemas/odata,#JsonSchemaFile.v1_0_2.JsonSchemaFile,GET,,200,,,,,
/redfish/v1/JsonSchemas/odata-v4,#JsonSchemaFile.v1_0_2.JsonSchemaFile,GET,,200,,,,,
/redfish/v1/JsonSchemas/redfish-error,#JsonSchemaFile.v1_0_2.JsonSchemaFile,GET,,200,,,,,
/redfish/v1/JsonSchemas/redfish-payload-annotations,#JsonSchemaFile.v1_0_2.JsonSchemaFile,GET,,200,,,,,
/redfish/v1/JsonSchemas/redfish-schema,#JsonSchemaFile.v1_0_2.JsonSchemaFile,GET,,200,,,,,
/redfish/v1/JsonSchemas/redfish-schema-v1,#JsonSchemaFile.v1_0_2.JsonSchemaFile,GET,,200,,,,,
/redfish/v1/LicenseService,#LicenseService.v1_1_2.LicenseService,GET,LicenseService.Install,200,,,,,
/redfish/v1/LicenseService/Licenses,#LicenseCollection.LicenseCollection,"GET,POST",,200,,,,,
/redfish/v1/LicenseService/Licenses/SFT-DCMS-SINGLE,#License.v1_1_3.License,"GET,DELETE",,200,Supermicro,,,,
/redfish/v1/Managers,#ManagerCollection.ManagerCollection,GET,,200,,,,,
/redfish/v1/Managers/1,#Manager.v1_22_0.Manager,"GET,PATCH","Manager.Reset,Manager.ResetToDefaults",200,,AST2600,,,00000000-0000-0000-0000-7CC25590E124
/redfish/v1/Managers/1/DedicatedNetworkPorts,#PortCollection.PortCollection,GET,,200,,,,,
/redfish/v1/Managers/1/DedicatedNetworkPorts/1,#Port.v1_16_0.Port,"GET,PATCH",,200,,,,,
/redfish/v1/Managers/1/EthernetInterfaces,#EthernetInterfaceCollection.EthernetInterfaceCollection,GET,,200,,,,,
/redfish/v1/Managers/1/EthernetInterfaces/1,#EthernetInterface.v1_12_2.EthernetInterface,"GET,PATCH",,200,,,,,
/redfish/v1/Managers/1/EthernetInterfaces/ToHost,#EthernetInterface.v1_12_2.EthernetInterface,"GET,PATCH",,200,,,,,
/redfish/v1/Managers/1/HostInterfaces,#HostInterfaceCollection.HostInterfaceCollection,GET,,200,,,,,
/redfish/v1/Managers/1/HostInterfaces/1,#HostInterface.v1_3_2.HostInterface,"GET,PATCH",,200,,,,,
/redfish/v1/Managers/1/HostInterfaces/1/HostEthernetInterfaces,#EthernetInterfaceCollection.EthernetInterfaceCollection,GET,,200,,,,,
/redfish/v1/Managers/1/LicenseManager,#LicenseManager.v1_0_0.LicenseManager,GET,"LicenseManager.ActivateLicense,LicenseManager.ClearLicense",200,,,,,
/redfish/v1/Managers/1/LicenseManager/QueryLicense,#QueryLicense.v1_0_0.QueryLicense,GET,,200,,,,,
/redfish/v1/Managers/1/LogServices,#LogServiceCollection.LogServiceCollection,GET,,200,,,,,
/redfish/v1/Managers/1/LogServices/Dump,#LogService.v1_8_0.LogService,GET,"LogService.ClearLog,LogService.CollectDiagnosticData",200,,,,,
/redfish/v1/Managers/1/LogServices/Dump/Entries,#LogEntryCollection.LogEntryCollection,GET,,200,,,,,
/redfish/v1/Managers/1/LogServices/Log1,#LogService.v1_8_0.LogService,"GET,PATCH",LogService.ClearLog,200,,,,,
/redfish/v1/Managers/1/LogServices/Log1/Entries,#LogEntryCollection.LogEntryCollection,GET,,200,,,,,
/redfish/v1/Managers/1/LogServices/Log1/Entries/1,#LogEntry.v1_19_0.LogEntry,GET,,200,,,,,
/redfish/v1/Managers/1/LogServices/Log1/Entries/10,#LogEntry.v1_19_0.LogEntry,GET,,200,,,,,
/redfish/v1/Managers/1/LogServices/Log1/Entries/11,#LogEntry.v1_19_0.LogEntry,GET,,200,,,,,
/redfish/v1/Managers/1/LogServices/Log1/Entries/12,#LogEntry.v1_19_0.LogEntry,GET,,200,,,,,
/redfish/v1/Managers/1/LogServices/Log1/Entries/13,#LogEntry.v1_19_0.LogEntry,GET,,200,,,,,
/redfish/v1/Managers/1/LogServices/Log1/Entries/14,#LogEntry.v1_19_0.LogEntry,GET,,200,,,,,
/redfish/v1/Managers/1/LogServices/Log1/Entries/15,#LogEntry.v1_19_0.LogEntry,GET,,200,,,,,
/redfish/v1/Managers/1/LogServices/Log1/Entries/16,#LogEntry.v1_19_0.LogEntry,GET,,200,,,,,
/redfish/v1/Managers/1/LogServices/Log1/Entries/17,#LogEntry.v1_19_0.LogEntry,GET,,200,,,,,
/redfish/v1/Managers/1/LogServices/Log1/Entries/2,#LogEntry.v1_19_0.LogEntry,GET,,200,,,,,
/redfish/v1/Managers/1/LogServices/Log1/Entries/3,#LogEntry.v1_19_0.LogEntry,GET,,200,,,,,
/redfish/v1/Managers/1/LogServices/Log1/Entries/4,#LogEntry.v1_19_0.LogEntry,GET,,200,,,,,
/redfish/v1/Managers/1/LogServices/Log1/Entries/5,#LogEntry.v1_19_0.LogEntry,GET,,200,,,,,
/redfish/v1/Managers/1/LogServices/Log1/Entries/6,#LogEntry.v1_19_0.LogEntry,GET,,200,,,,,
/redfish/v1/Managers/1/LogServices/Log1/Entries/7,#LogEntry.v1_19_0.LogEntry,GET,,200,,,,,
/redfish/v1/Managers/1/LogServices/Log1/Entries/8,#LogEntry.v1_19_0.LogEntry,GET,,200,,,,,
/redfish/v1/Managers/1/LogServices/Log1/Entries/9,#LogEntry.v1_19_0.LogEntry,GET,,200,,,,,
/redfish/v1/Managers/1/NetworkProtocol,#ManagerNetworkProtocol.v1_12_0.ManagerNetworkProtocol,"GET,PATCH",,200,,,,,
/redfish/v1/Managers/1/NetworkProtocol/HTTPS/Certificates,#CertificateCollection.CertificateCollection,GET,,200,,,,,
/redfish/v1/Managers/1/NetworkProtocol/HTTPS/Certificates/1,#Certificate.v1_10_0.Certificate,GET,,200,,,,,
/redfish/v1/Managers/1/Oem/Supermicro/FanMode,#FanMode.v1_0_1.FanMode,"GET,PATCH",,200,,,,,
/redfish/v1/Managers/1/Oem/Supermicro/IKVM,#IKVM.v1_0_3.IKVM,"GET,PATCH",,200,,,,,
/redfish/v1/Managers/1/Oem/Supermicro/IPAccessControl,#IPAccessControl.v1_0_1.IPAccessControl,"GET,PATCH",,200,,,,,
/redfish/v1/Managers/1/Oem/Supermicro/IPAccessControl/FilterRules,#FilterRuleCollection.FilterRuleCollection,"GET,POST",,200,,,,,
/redfish/v1/Managers/1/Oem/Supermicro/KCSInterface,#KCSInterface.v1_0_0.KCSInterface,"GET,PATCH",,200,,,,,
/redfish/v1/Managers/1/Oem/Supermicro/LLDP,#LldpService.v1_0_0.LldpService,"GET,PATCH",,200,,,,,
/redfish/v1/Managers/1/Oem/Supermicro/NTP,#NTP.v1_0_3.NTP,"GET,PATCH",,200,,,,,
/redfish/v1/Managers/1/Oem/Supermicro/NodeManager,#NodeManager.v1_0_0.NodeManager,"GET,PATCH",NodeManager.Reset,200,,,,,
/redfish/v1/Managers/1/Oem/Supermicro/NodeManager/,#NodeManager.v1_0_0.NodeManager,"GET,PATCH",NodeManager.Reset,200,,,,,
/redfish/v1/Managers/1/Oem/Supermicro/NodeManager/Domains,#NmDomainCollection.NmDomainCollection,GET,,200,,,,,
/redfish/v1/Managers/1/Oem/Supermicro/NodeManager/Domains/CPUSubsystem,#NmDomain.v1_4_0.Domain,"GET,PATCH",Domain.ResetStatistics,200,,,,,
/redfish/v1/Managers/1/Oem/Supermicro/NodeManager/Domains/MemorySubsystem,#NmDomain.v1_4_0.Domain,"GET,PATCH",Domain.ResetStatistics,200,,,,,
/redfish/v1/Managers/1/Oem/Supermicro/NodeManager/Policies,#NmPolicyCollection.NmPolicyCollection,"GET,POST",,200,,,,,
/redfish/v1/Managers/1/Oem/Supermicro/NodeManager/Policies/CPU_PowerLimit,#NmPolicy.v1_2_0.Policy,"GET,PATCH,DELETE",NmPolicy.ResetStatistics,200,,,,,
/redfish/v1/Managers/1/Oem/Supermicro/NodeManager/ThrottlingStatus,#NmThrottlingStatus.v1_1_0.ThrottlingStatus,GET,,200,,,,,
/redfish/v1/Managers/1/Oem/Supermicro/NodeManager/Triggers,#NmTriggerCollection.NmTriggerCollection,GET,,200,,,,,
/redfish/v1/Managers/1/Oem/Supermicro/NodeManager/Triggers/AlwaysOn,#NmTrigger.v1_0_0.NmTrigger,GET,,200,,,,,
/redfish/v1/Managers/1/Oem/Supermicro/NodeManager/Triggers/CPUUtilization,#NmTrigger.v1_0_0.NmTrigger,GET,,200,,,,,
/redfish/v1/Managers/1/Oem/Supermicro/NodeManager/Triggers/HostReset,#NmTrigger.v1_0_0.NmTrigger,GET,,200,,,,,
/redfish/v1/Managers/1/Oem/Supermicro/NodeManager/Triggers/InletTemperature,#NmTrigger.v1_0_0.NmTrigger,GET,,200,,,,,
/redfish/v1/Managers/1/Oem/Supermicro/NodeManager/Triggers/SMBAlertInterrupt,#NmTrigger.v1_0_0.NmTrigger,GET,,200,,,,,
/redfish/v1/Managers/1/Oem/Supermicro/RADIUS,#RADIUS.v1_0_3.RADIUS,"GET,PATCH",,200,,,,,
/redfish/v1/Managers/1/Oem/Supermicro/SMCRAKP,#SMCRAKP.v1_0_0.SMCRAKP,"GET,PATCH",,200,,,,,
/redfish/v1/Managers/1/Oem/Supermicro/Snooping,#Snooping.v1_0_0.Snooping,GET,,200,,,,,
/redfish/v1/Managers/1/Oem/Supermicro/SysLockdown,#SysLockdown.v1_0_0.SysLockdown,"GET,PATCH",,200,,,,,
/redfish/v1/Managers/1/Oem/Supermicro/Syslog,#Syslog.v1_0_1.Syslog,"GET,PATCH",,200,,,,,
/redfish/v1/Managers/1/SecurityPolicy,#SecurityPolicy.v1_0_0.SecurityPolicy,"GET,PATCH",,200,,,,,
/redfish/v1/Managers/1/SecurityPolicy/SPDM/RevokedCertificates,#CertificateCollection.CertificateCollection,GET,,200,,,,,
/redfish/v1/Managers/1/SecurityPolicy/SPDM/TrustedCertificates,#CertificateCollection.CertificateCollection,GET,,200,,,,,
/redfish/v1/Managers/1/SecurityPolicy/SPDM/TrustedCertificates/1,#Certificate.v1_10_0.Certificate,GET,,200,,,,7F:24:DC:34:09:C5:95:A3:2A:0B:9B:6A:D7:B7:5A:F1:EB:C7:AF:40,
/redfish/v1/Managers/1/SecurityPolicy/SPDM/TrustedCertificates/2,#Certificate.v1_10_0.Certificate,GET,,200,,,,2D:36:70:B1:CA:10:04:11:C1:FE:C0:E8:2A:06:5B:54,
/redfish/v1/Managers/1/SerialInterfaces,#SerialInterfaceCollection.SerialInterfaceCollection,GET,,200,,,,,
/redfish/v1/Managers/1/SerialInterfaces/1,#SerialInterface.v1_3_0.SerialInterface,"GET,PATCH",,200,,,,,
/redfish/v1/Managers/1/SharedNetworkPorts,#PortCollection.PortCollection,GET,,200,,,,,
/redfish/v1/Managers/1/Truststore/Certificates,#CertificateCollection.CertificateCollection,"GET,POST",,200,,,,,
/redfish/v1/Managers/1/Truststore/Certificates/,#CertificateCollection.CertificateCollection,"GET,POST",,200,,,,,
/redfish/v1/Managers/1/VirtualMedia,#VirtualMediaCollection.VirtualMediaCollection,GET,,200,,,,,
/redfish/v1/Managers/1/VirtualMedia/VirtualMedia1,#VirtualMedia.v1_6_4.VirtualMedia,"GET,PATCH","VirtualMedia.EjectMedia,VirtualMedia.InsertMedia",200,,,,,
/redfish/v1/Managers/1/VirtualMedia/VirtualMedia2,#VirtualMedia.v1_6_4.VirtualMedia,"GET,PATCH","VirtualMedia.EjectMedia,VirtualMedia.InsertMedia",200,,,,,
/redfish/v1/Managers/1/VirtualMedia/VirtualMedia3,#VirtualMedia.v1_6_4.VirtualMedia,"GET,PATCH","VirtualMedia.EjectMedia,VirtualMedia.InsertMedia",200,,,,,
/redfish/v1/Oem/Supermicro/DumpService,#DumpService.v1_0_1.DumpService,"GET,PATCH",OemDumpService.Collect,200,,,,,
/redfish/v1/Oem/Supermicro/DumpService/Dumps,#DumpCollection.DumpCollection,GET,,200,,,,,
/redfish/v1/Oem/Supermicro/DumpService/Dumps/AttestationDump,#Dump.v1_1_0.Dump,GET,,200,,,,,
/redfish/v1/Oem/Supermicro/DumpService/Dumps/AttestationDump/,#Dump.v1_1_0.Dump,GET,,200,,,,,
/redfish/v1/Registries,#MessageRegistryFileCollection.MessageRegistryFileCollection,GET,,200,,,,,
/redfish/v1/Registries/Base,#MessageRegistryFile.v1_1_5.MessageRegistryFile,GET,,200,,,,,
/redfish/v1/Registries/BiosAttributeRegistry,#MessageRegistryFile.v1_1_5.MessageRegistryFile,GET,,200,,,,,
/redfish/v1/Registries/Event,#MessageRegistryFile.v1_1_5.MessageRegistryFile,GET,,200,,,,,
/redfish/v1/Registries/OpenBMC,#MessageRegistryFile.v1_1_5.MessageRegistryFile,GET,,200,,,,,
/redfish/v1/Registries/ResourceEvent,#MessageRegistryFile.v1_1_5.MessageRegistryFile,GET,,200,,,,,
/redfish/v1/Registries/SMC,#MessageRegistryFile.v1_1_5.MessageRegistryFile,GET,,200,,,,,
/redfish/v1/Registries/TaskEvent,#MessageRegistryFile.v1_1_5.MessageRegistryFile,GET,,200,,,,,
/redfish/v1/SessionService,#SessionService.v1_1_9.SessionService,"GET,PATCH",,200,,,,,
/redfish/v1/SessionService/Sessions,#SessionCollection.SessionCollection,"GET,POST",,200,,,,,
/redfish/v1/Systems,#ComputerSystemCollection.ComputerSystemCollection,GET,,200,,,,,
/redfish/v1/Systems/1,#ComputerSystem.v1_25_0.ComputerSystem,"GET,PATCH","ComputerSystem.Decommission,ComputerSystem.Reset",200,Supermicro,Super Server,,0123456789,00000000-0000-0000-0000-7cc25591617c
/redfish/v1/Systems/1/Bios,#Bios.v1_2_3.Bios,GET,"Bios.ChangePassword,Bios.ResetBios",200,,,,,
/redfish/v1/Systems/1/Bios/SD,#Bios.v1_2_3.Bios,"GET,PATCH",,200,,,,,
/redfish/v1/Systems/1/Boot/Certificates,#CertificateCollection.CertificateCollection,"GET,POST",,200,,,,,
/redfish/v1/Systems/1/BootOptions,#BootOptionCollection.BootOptionCollection,GET,,200,,,,,
/redfish/v1/Systems/1/BootOptions/Boot0001,#BootOption.v1_0_6.BootOption,"GET,PATCH",,200,,,,,
/redfish/v1/Systems/1/BootOptions/Boot0007,#BootOption.v1_0_6.BootOption,"GET,PATCH",,200,,,,,
/redfish/v1/Systems/1/BootOptions/Boot0008,#BootOption.v1_0_6.BootOption,"GET,PATCH",,200,,,,,
/redfish/v1/Systems/1/BootOptions/Boot0009,#BootOption.v1_0_6.BootOption,"GET,PATCH",,200,,,,,
/redfish/v1/Systems/1/BootOptions/Boot000A,#BootOption.v1_0_6.BootOption,"GET,PATCH",,200,,,,,
/redfish/v1/Systems/1/BootOptions/Boot000C,#BootOption.v1_0_6.BootOption,"GET,PATCH",,200,,,,,
/redfish/v1/Systems/1/EthernetInterfaces,#EthernetInterfaceCollection.EthernetInterfaceCollection,GET,,200,,,,,
/redfish/v1/Systems/1/EthernetInterfaces/1,#EthernetInterface.v1_12_2.EthernetInterface,GET,,200,,,,,
/redfish/v1/Systems/1/EthernetInterfaces/2,#EthernetInterface.v1_12_2.EthernetInterface,GET,,200,,,,,
/redfish/v1/Systems/1/EthernetInterfaces/ToManager,#EthernetInterface.v1_12_2.EthernetInterface,"GET,PATCH",,200,,,,,
/redfish/v1/Systems/1/LogServices,#LogServiceCollection.LogServiceCollection,GET,,200,,,,,
/redfish/v1/Systems/1/LogServices/Crashdump,#LogService.v1_8_0.LogService,GET,"LogService.ClearLog,LogService.CollectDiagnosticData",200,,,,,
/redfish/v1/Systems/1/LogServices/Crashdump/Entries,#LogEntryCollection.LogEntryCollection,GET,,200,,,,,
/redfish/v1/Systems/1/LogServices/Dump,#LogService.v1_8_0.LogService,GET,"LogService.ClearLog,LogService.CollectDiagnosticData",200,,,,,
/redfish/v1/Systems/1/LogServices/Dump/Entries,#LogEntryCollection.LogEntryCollection,GET,,200,,,,,
/redfish/v1/Systems/1/LogServices/HostLogger,#LogService.v1_8_0.LogService,GET,,200,,,,,
/redfish/v1/Systems/1/LogServices/HostLogger/Entries,#LogEntryCollection.LogEntryCollection,GET,,200,,,,,
/redfish/v1/Systems/1/LogServices/Log1,#LogService.v1_8_0.LogService,"GET,PATCH",LogService.ClearLog,200,,,,,
/redfish/v1/Systems/1/LogServices/Log1/Entries,#LogEntryCollection.LogEntryCollection,GET,,200,,,,,
/redfish/v1/Systems/1/LogServices/Log1/Entries/1,#LogEntry.v1_19_0.LogEntry,"GET,PATCH",,200,,,,,
/redfish/v1/Systems/1/LogServices/Log1/Entries/2,#LogEntry.v1_19_0.LogEntry,"GET,PATCH",,200,,,,,
/redfish/v1/Systems/1/LogServices/Log1/Entries/3,#LogEntry.v1_19_0.LogEntry,"GET,PATCH",,200,,,,,
/redfish/v1/Systems/1/LogServices/Log1/Entries/4,#LogEntry.v1_19_0.LogEntry,"GET,PATCH",,200,,,,,
/redfish/v1/Systems/1/LogServices/Log2,#LogService.v1_7_0.LogService,GET,LogService.ClearLog,200,,,,,
/redfish/v1/Systems/1/LogServices/Log2/Entries,#LogEntryCollection.LogEntryCollection,GET,,200,,,,,
/redfish/v1/Systems/1/LogServices/Log2/Entries/1,#LogEntry.v1_17_0.LogEntry,GET,,200,,,,,
/redfish/v1/Systems/1/LogServices/Log2/Entries/2,#LogEntry.v1_17_0.LogEntry,GET,,200,,,,,
/redfish/v1/Systems/1/LogServices/Log2/Entries/3,#LogEntry.v1_17_0.LogEntry,GET,,200,,,,,
/redfish/v1/Systems/1/LogServices/Log2/Entries/4,#LogEntry.v1_17_0.LogEntry,GET,,200,,,,,
/redfish/v1/Systems/1/LogServices/PostCodes,#LogService.v1_8_0.LogService,GET,LogService.ClearLog,200,,,,,
/redfish/v1/Systems/1/LogServices/PostCodes/Entries,#LogEntryCollection.LogEntryCollection,GET,,200,,,,,
/redfish/v1/Systems/1/Memory,#MemoryCollection.MemoryCollection,GET,,200,,,,,
/redfish/v1/Systems/1/Memory/1,#Memory.v1_21_0.Memory,GET,,200,SK Hynix,,HMCG94MEBRA109N,80AD0123168784F84A,
/redfish/v1/Systems/1/Memory/1/EnvironmentMetrics,#EnvironmentMetrics.v1_5_0.EnvironmentMetrics,GET,,200,,,,,
/redfish/v1/Systems/1/Memory/1/MemoryMetrics,#MemoryMetrics.v1_7_3.MemoryMetrics,GET,,200,,,,,
/redfish/v1/Systems/1/Memory/2,#Memory.v1_21_0.Memory,GET,,200,SK Hynix,,HMCG94MEBRA109N,80AD0123168784F830,
/redfish/v1/Systems/1/Memory/2/EnvironmentMetrics,#EnvironmentMetrics.v1_5_0.EnvironmentMetrics,GET,,200,,,,,
/redfish/v1/Systems/1/Memory/2/MemoryMetrics,#MemoryMetrics.v1_7_3.MemoryMetrics,GET,,200,,,,,
/redfish/v1/Systems/1/MemorySummary/MemoryMetrics,#MemoryMetrics.v1_7_3.MemoryMetrics,GET,,200,,,,,
/redfish/v1/Systems/1/NetworkInterfaces,#NetworkInterfaceCollection.NetworkInterfaceCollection,GET,,200,,,,,
/redfish/v1/Systems/1/Oem/Supermicro/FixedBootOrder,#SmcFixedBootOrder.v1_0_0.SmcFixedBootOrder,"GET,PATCH",,200,,,,,
/redfish/v1/Systems/1/ProcessorSummary/ProcessorMetrics,#ProcessorMetrics.v1_6_4.ProcessorMetrics,GET,,200,,,,,
/redfish/v1/Systems/1/Processors,#ProcessorCollection.ProcessorCollection,GET,,200,,,,,
/redfish/v1/Systems/1/Processors/1,#Processor.v1_20_1.Processor,GET,,200,Intel(R) Corporation,Intel(R) Xeon(R) 6787P,,,
/redfish/v1/Systems/1/Processors/1/EnvironmentMetrics,#EnvironmentMetrics.v1_5_0.EnvironmentMetrics,GET,,200,,,,,
/redfish/v1/Systems/1/Processors/1/Ports,#PortCollection.PortCollection,GET,,200,,,,,
/redfish/v1/Systems/1/Processors/1/ProcessorMetrics,#ProcessorMetrics.v1_6_4.ProcessorMetrics,GET,,200,,,,,
/redfish/v1/Systems/1/SecureBoot,#SecureBoot.v1_1_2.SecureBoot,"GET,PATCH",SecureBoot.ResetKeys,200,,,,,
/redfish/v1/Systems/1/SecureBoot/SecureBootDatabases,#SecureBootDatabaseCollection.SecureBootDatabaseCollection,GET,,200,,,,,
/redfish/v1/Systems/1/SecureBoot/SecureBootDatabases/KEK,#SecureBootDatabase.v1_0_3.SecureBootDatabase,GET,,200,,,,,
/redfish/v1/Systems/1/SecureBoot/SecureBootDatabases/KEK/Certificates,#CertificateCollection.CertificateCollection,"GET,POST",,200,,,,,
/redfish/v1/Systems/1/SecureBoot/SecureBootDatabases/PK,#SecureBootDatabase.v1_0_3.SecureBootDatabase,GET,,200,,,,,
/redfish/v1/Systems/1/SecureBoot/SecureBootDatabases/PK/Certificates,#CertificateCollection.CertificateCollection,"GET,POST",,200,,,,,
/redfish/v1/Systems/1/SecureBoot/SecureBootDatabases/db,#SecureBootDatabase.v1_0_3.SecureBootDatabase,GET,,200,,,,,
/redfish/v1/Systems/1/SecureBoot/SecureBootDatabases/db/Certificates,#CertificateCollection.CertificateCollection,"GET,POST",,200,,,,,
/redfish/v1/Systems/1/SecureBoot/SecureBootDatabases/dbr,#SecureBootDatabase.v1_0_3.SecureBootDatabase,GET,,200,,,,,
/redfish/v1/Systems/1/SecureBoot/SecureBootDatabases/dbr/Certificates,#CertificateCollection.CertificateCollection,"GET,POST",,200,,,,,
/redfish/v1/Systems/1/SecureBoot/SecureBootDatabases/dbt,#SecureBootDatabase.v1_0_3.SecureBootDatabase,GET,,200,,,,,
/redfish/v1/Systems/1/SecureBoot/SecureBootDatabases/dbt/Certificates,#CertificateCollection.CertificateCollection,"GET,POST",,200,,,,,
/redfish/v1/Systems/1/SecureBoot/SecureBootDatabases/dbx,#SecureBootDatabase.v1_0_3.SecureBootDatabase,GET,,200,,,,,
/redfish/v1/Systems/1/SecureBoot/SecureBootDatabases/dbx/Signatures,#SignatureCollection.SignatureCollection,GET,,200,,,,,
/redfish/v1/Systems/1/Storage,#StorageCollection.StorageCollection,GET,,200,,,,,
/redfish/v1/TaskService,#TaskService.v1_2_1.TaskService,"GET,PATCH",,200,,,,,
/redfish/v1/TaskService/Tasks,#TaskCollection.TaskCollection,GET,,200,,,,,
/redfish/v1/TelemetryService,#TelemetryService.v1_4_0.TelemetryService,GET,,200,,,,,
/redfish/v1/TelemetryService/MetricDefinitions,#MetricDefinitionCollection.MetricDefinitionCollection,GET,,200,,,,,
/redfish/v1/TelemetryService/MetricDefinitions/AvgPowerConsumedDay,#MetricDefinition.v1_3_4.MetricDefinition,GET,,200,,,,,
/redfish/v1/TelemetryService/MetricDefinitions/AvgPowerConsumedHour,#MetricDefinition.v1_3_4.MetricDefinition,GET,,200,,,,,
/redfish/v1/TelemetryService/MetricDefinitions/AvgPowerConsumedWeek,#MetricDefinition.v1_3_4.MetricDefinition,GET,,200,,,,,
/redfish/v1/TelemetryService/MetricDefinitions/BroadcomCriticalEvent,#MetricDefinition.v1_3_4.MetricDefinition,GET,,200,,,,,
/redfish/v1/TelemetryService/MetricDefinitions/BroadcomFatalEvent,#MetricDefinition.v1_3_4.MetricDefinition,GET,,200,,,,,
/redfish/v1/TelemetryService/MetricDefinitions/BroadcomWarningEvent,#MetricDefinition.v1_3_4.MetricDefinition,GET,,200,,,,,
/redfish/v1/TelemetryService/MetricDefinitions/CUPS_AverageCupsIndex,#MetricDefinition.v1_3_4.MetricDefinition,GET,,200,,,,,
/redfish/v1/TelemetryService/MetricDefinitions/CUPS_AverageHostCpuUtilization,#MetricDefinition.v1_3_4.MetricDefinition,GET,,200,,,,,
/redfish/v1/TelemetryService/MetricDefinitions/CUPS_AverageHostMemoryBandwidthUtilization,#MetricDefinition.v1_3_4.MetricDefinition,GET,,200,,,,,
/redfish/v1/TelemetryService/MetricDefinitions/CUPS_AverageHostPciBandwidthUtilization,#MetricDefinition.v1_3_4.MetricDefinition,GET,,200,,,,,
/redfish/v1/TelemetryService/MetricDefinitions/CUPS_CupsIndex,#MetricDefinition.v1_3_4.MetricDefinition,GET,,200,,,,,
/redfish/v1/TelemetryService/MetricDefinitions/CUPS_HostCpuUtilization,#MetricDefinition.v1_3_4.MetricDefinition,GET,,200,,,,,
/redfish/v1/TelemetryService/MetricDefinitions/CUPS_HostMemoryBandwidthUtilization,#MetricDefinition.v1_3_4.MetricDefinition,GET,,200,,,,,
/redfish/v1/TelemetryService/MetricDefinitions/CUPS_HostPciBandwidthUtilization,#MetricDefinition.v1_3_4.MetricDefinition,GET,,200,,,,,
/redfish/v1/TelemetryService/MetricDefinitions/MaxPowerConsumedDay,#MetricDefinition.v1_3_4.MetricDefinition,GET,,200,,,,,
/redfish/v1/TelemetryService/MetricDefinitions/MaxPowerConsumedHour,#MetricDefinition.v1_3_4.MetricDefinition,GET,,200,,,,,
/redfish/v1/TelemetryService/MetricDefinitions/MaxPowerConsumedWeek,#MetricDefinition.v1_3_4.MetricDefinition,GET,,200,,,,,
/redfish/v1/TelemetryService/MetricDefinitions/MinPowerConsumedDay,#MetricDefinition.v1_3_4.MetricDefinition,GET,,200,,,,,
/redfish/v1/TelemetryService/MetricDefinitions/MinPowerConsumedHour,#MetricDefinition.v1_3_4.MetricDefinition,GET,,200,,,,,
/redfish/v1/TelemetryService/MetricDefinitions/MinPowerConsumedWeek,#MetricDefinition.v1_3_4.MetricDefinition,GET,,200,,,,,
/redfish/v1/TelemetryService/MetricDefinitions/PMT_Socket0_0x22473996_Core0_TEMP,#MetricDefinition.v1_3_4.MetricDefinition,GET,,200,,,,,
/redfish/v1/TelemetryService/MetricDefinitions/PMT_Socket0_0x22473996_Core10_TEMP,#MetricDefinition.v1_3_4.MetricDefinition,GET,,200,,,,,
/redfish/v1/TelemetryService/MetricDefinitions/PMT_Socket0_0x22473996_Core11_TEMP,#MetricDefinition.v1_3_4.MetricDefinition,GET,,200,,,,,
/redfish/v1/TelemetryService/MetricDefinitions/PMT_Socket0_0x22473996_Core12_TEMP,#MetricDefinition.v1_3_4.MetricDefinition,GET,,200,,,,,
/redfish/v1/TelemetryService/MetricDefinitions/PMT_Socket0_0x22473996_Core13_TEMP,#MetricDefinition.v1_3_4.MetricDefinition,GET,,200,,,,,
/redfish/v1/TelemetryService/MetricDefinitions/PMT_Socket0_0x22473996_Core14_TEMP,#MetricDefinition.v1_3_4.MetricDefinition,GET,,200,,,,,
/redfish/v1/TelemetryService/MetricDefinitions/PMT_Socket0_0x22473996_Core15_TEMP,#MetricDefinition.v1_3_4.MetricDefinition,GET,,200,,,,,
/redfish/v1/TelemetryService/MetricDefinitions/PMT_Socket0_0x22473996_Core16_TEMP,#MetricDefinition.v1_3_4.MetricDefinition,GET,,200,,,,,
/redfish/v1/TelemetryService/MetricDefinitions/PMT_Socket0_0x22473996_Core17_TEMP,#MetricDefinition.v1_3_4.MetricDefinition,GET,,200,,,,,
/redfish/v1/TelemetryService/MetricDefinitions/PMT_Socket0_0x22473996_Core18_TEMP,#MetricDefinition.v1_3_4.MetricDefinition,GET,,200,,,,,
/redfish/v1/TelemetryService/MetricDefinitions/PMT_Socket0_0x22473996_Core19_TEMP,#MetricDefinition.v1_3_4.MetricDefinition,GET,,200,,,,,
/redfish/v1/TelemetryService/MetricDefinitions/PMT_Socket0_0x22473996_Core1_TEMP,#MetricDefinition.v1_3_4.MetricDefinition,GET,,200,,,,,
/redfish/v1/TelemetryService/MetricDefinitions/PMT_Socket0_0x22473996_Core20_TEMP,#MetricDefinition.v1_3_4.MetricDefinition,GET,,200,,,,,
/redfish/v1/TelemetryService/MetricDefinitions/PMT_Socket0_0x22473996_Core21_TEMP,#MetricDefinition.v1_3_4.MetricDefinition,GET,,200,,,,,
/redfish/v1/TelemetryService/MetricDefinitions/PMT_Socket0_0x22473996_Core22_TEMP,#MetricDefinition.v1_3_4.MetricDefinition,GET,,200,,,,,
/redfish/v1/TelemetryService/MetricDefinitions/PMT_Socket0_0x22473996_Core23_TEMP,#MetricDefinition.v1_3_4.MetricDefinition,GET,,200,,,,,
/redfish/v1/TelemetryService/MetricDefinitions/PMT_Socket0_0x22473996_Core24_TEMP,#MetricDefinition.v1_3_4.MetricDefinition,GET,,200,,,,,
/redfish/v1/TelemetryService/MetricDefinitions/PMT_Socket0_0x22473996_Core25_TEMP,#MetricDefinition.v1_3_4.MetricDefinition,GET,,200,,,,,
/redfish/v1/TelemetryService/MetricDefinitions/PMT_Socket0_0x22473996_Core26_TEMP,#MetricDefinition.v1_3_4.MetricDefinition,GET,,200,,,,,
/redfish/v1/TelemetryService/MetricDefinitions/PMT_Socket0_0x22473996_Core27_TEMP,#MetricDefinition.v1_3_4.MetricDefinition,GET,,200,,,,,
/redfish/v1/TelemetryService/MetricDefinitions/PMT_Socket0_0x22473996_Core28_TEMP,#MetricDefinition.v1_3_4.MetricDefinition,GET,,200,,,,,
/redfish/v1/TelemetryService/MetricDefinitions/PMT_Socket0_0x22473996_Core29_TEMP,#MetricDefinition.v1_3_4.MetricDefinition,GET,,200,,,,,
/redfish/v1/TelemetryService/MetricDefinitions/PMT_Socket0_0x22473996_Core2_TEMP,#MetricDefinition.v1_3_4.MetricDefinition,GET,,200,,,,,
/redfish/v1/TelemetryService/MetricDefinitions/PMT_Socket0_0x22473996_Core30_TEMP,#MetricDefinition.v1_3_4.MetricDefinition,GET,,200,,,,,
/redfish/v1/TelemetryService/MetricDefinitions/PMT_Socket0_0x22473996_Core31_TEMP,#MetricDefinition.v1_3_4.MetricDefinition,GET,,200,,,,,
/redfish/v1/TelemetryService/MetricDefinitions/PMT_Socket0_0x22473996_Core32_TEMP,#MetricDefinition.v1_3_4.MetricDefinition,GET,,200,,,,,
/redfish/v1/TelemetryService/MetricDefinitions/PMT_Socket0_0x22473996_Core33_TEMP,#MetricDefinition.v1_3_4.MetricDefinition,GET,,200,,,,,
/redfish/v1/TelemetryService/MetricDefinitions/PMT_Socket0_0x22473996_Core34_TEMP,#MetricDefinition.v1_3_4.MetricDefinition,GET,,200,,,,,
/redfish/v1/TelemetryService/MetricDefinitions/PMT_Socket0_0x22473996_Core35_TEMP,#MetricDefinition.v1_3_4.MetricDefinition,GET,,200,,,,,
/redfish/v1/TelemetryService/MetricDefinitions/PMT_Socket0_0x22473996_Core36_TEMP,#MetricDefinition.v1_3_4.MetricDefinition,GET,,200,,,,,
/redfish/v1/TelemetryService/MetricDefinitions/PMT_Socket0_0x22473996_Core37_TEMP,#MetricDefinition.v1_3_4.MetricDefinition,GET,,200,,,,,
/redfish/v1/TelemetryService/MetricDefinitions/PMT_Socket0_0x22473996_Core38_TEMP,#MetricDefinition.v1_3_4.MetricDefinition,GET,,200,,,,,
/redfish/v1/TelemetryService/MetricDefinitions/PMT_Socket0_0x22473996_Core39_TEMP,#MetricDefinition.v1_3_4.MetricDefinition,GET,,200,,,,,
/redfish/v1/TelemetryService/MetricDefinitions/PMT_Socket0_0x22473996_Core3_TEMP,#MetricDefinition.v1_3_4.MetricDefinition,GET,,200,,,,,
/redfish/v1/TelemetryService/MetricDefinitions/PMT_Socket0_0x22473996_Core40_TEMP,#MetricDefinition.v1_3_4.MetricDefinition,GET,,200,,,,,
/redfish/v1/TelemetryService/MetricDefinitions/PMT_Socket0_0x22473996_Core41_TEMP,#MetricDefinition.v1_3_4.MetricDefinition,GET,,200,,,,,
/redfish/v1/TelemetryService/MetricDefinitions/PMT_Socket0_0x22473996_Core42_TEMP,#MetricDefinition.v1_3_4.MetricDefinition,GET,,200,,,,,
/redfish/v1/TelemetryService/MetricDefinitions/PMT_Socket0_0x22473996_Core43_TEMP,#MetricDefinition.v1_3_4.MetricDefinition,GET,,200,,,,,
/redfish/v1/TelemetryService/MetricDefinitions/PMT_Socket0_0x22473996_Core44_TEMP,#MetricDefinition.v1_3_4.MetricDefinition,GET,,200,,,,,
/redfish/v1/TelemetryService/MetricDefinitions/PMT_Socket0_0x22473996_Core45_TEMP,#MetricDefinition.v1_3_4.MetricDefinition,GET,,200,,,,,
/redfish/v1/TelemetryService/MetricDefinitions/PMT_Socket0_0x22473996_Core46_TEMP,#MetricDefinition.v1_3_4.MetricDefinition,GET,,200,,,,,
/redfish/v1/TelemetryService/MetricDefinitions/PMT_Socket0_0x22473996_Core47_TEMP,#MetricDefinition.v1_3_4.MetricDefinition,GET,,200,,,,,
/redfish/v1/TelemetryService/MetricDefinitions/PMT_Socket0_0x22473996_Core48_TEMP,#MetricDefinition.v1_3_4.MetricDefinition,GET,,200,,,,,
/redfish/v1/TelemetryService/MetricDefinitions/PMT_Socket0_0x22473996_Core49_TEMP,#MetricDefinition.v1_3_4.MetricDefinition,GET,,200,,,,,
/redfish/v1/TelemetryService/MetricDefinitions/PMT_Socket0_0x22473996_Core4_TEMP,#MetricDefinition.v1_3_4.MetricDefinition,GET,,200,,,,,
/redfish/v1/TelemetryService/MetricDefinitions/PMT_Socket0_0x22473996_Core50_TEMP,#MetricDefinition.v1_3_4.MetricDefinition,GET,,200,,,,,
/redfish/v1/TelemetryService/MetricDefinitions/PMT_Socket0_0x22473996_Core51_TEMP,#MetricDefinition.v1_3_4.MetricDefinition,GET,,200,,,,,
/redfish/v1/TelemetryService/MetricDefinitions/PMT_Socket0_0x22473996_Core52_TEMP,#MetricDefinition.v1_3_4.MetricDefinition,GET,,200,,,,,
/redfish/v1/TelemetryService/MetricDefinitions/PMT_Socket0_0x22473996_Core53_TEMP,#MetricDefinition.v1_3_4.MetricDefinition,GET,,200,,,,,
/redfish/v1/TelemetryService/MetricDefinitions/PMT_Socket0_0x22473996_Core54_TEMP,#MetricDefinition.v1_3_4.MetricDefinition,GET,,200,,,,,
/redfish/v1/TelemetryService/MetricDefinitions/PMT_Socket0_0x22473996_Core55_TEMP,#MetricDefinition.v1_3_4.MetricDefinition,GET,,200,,,,,
/redfish/v1/TelemetryService/MetricDefinitions/PMT_Socket0_0x22473996_Core56_TEMP,#MetricDefinition.v1_3_4.MetricDefinition,GET,,200,,,,,
/redfish/v1/TelemetryService/MetricDefinitions/PMT_Socket0_0x22473996_Core57_TEMP,#MetricDefinition.v1_3_4.MetricDefinition,GET,,200,,,,,
/redfish/v1/TelemetryService/MetricDefinitions/PMT_Socket0_0x22473996_Core58_TEMP,#MetricDefinition.v1_3_4.MetricDefinition,GET,,200,,,,,
/redfish/v1/TelemetryService/MetricDefinitions/PMT_Socket0_0x22473996_Core59_TEMP,#MetricDefinition.v1_3_4.MetricDefinition,GET,,200,,,,,
/redfish/v1/TelemetryService/MetricDefinitions/PMT_Socket0_0x22473996_Core5_TEMP,#MetricDefinition.v1_3_4.MetricDefinition,GET,,200,,,,,
/redfish/v1/TelemetryService/MetricDefinitions/PMT_Socket0_0x22473996_Core60_TEMP,#MetricDefinition.v1_3_4.MetricDefinition,GET,,200,,,,,
/redfish/v1/TelemetryService/MetricDefinitions/PMT_Socket0_0x22473996_Core61_TEMP,#MetricDefinition.v1_3_4.MetricDefinition,GET,,200,,,,,
/redfish/v1/TelemetryService/MetricDefinitions/PMT_Socket0_0x22473996_Core62_TEMP,#MetricDefinition.v1_3_4.MetricDefinition,GET,,200,,,,,
/redfish/v1/TelemetryService/MetricDefinitions/PMT_Socket0_0x22473996_Core63_TEMP,#MetricDefinition.v1_3_4.MetricDefinition,GET,,200,,,,,
/redfish/v1/TelemetryService/MetricDefinitions/PMT_Socket0_0x22473996_Core64_TEMP,#MetricDefinition.v1_3_4.MetricDefinition,GET,,200,,,,,
/redfish/v1/TelemetryService/MetricDefinitions/PMT_Socket0_0x22473996_Core65_TEMP,#MetricDefinition.v1_3_4.MetricDefinition,GET,,200,,,,,
/redfish/v1/TelemetryService/MetricDefinitions/PMT_Socket0_0x22473996_Core66_TEMP,#MetricDefinition.v1_3_4.MetricDefinition,GET,,200,,,,,
/redfish/v1/TelemetryService/MetricDefinitions/PMT_Socket0_0x22473996_Core67_TEMP,#MetricDefinition.v1_3_4.MetricDefinition,GET,,200,,,,,
/redfish/v1/TelemetryService/MetricDefinitions/PMT_Socket0_0x22473996_Core68_TEMP,#MetricDefinition.v1_3_4.MetricDefinition,GET,,200,,,,,
/redfish/v1/TelemetryService/MetricDefinitions/PMT_Socket0_0x22473996_Core69_TEMP,#MetricDefinition.v1_3_4.MetricDefinition,GET,,200,,,,,
/redfish/v1/TelemetryService/MetricDefinitions/PMT_Socket0_0x22473996_Core6_TEMP,#MetricDefinition.v1_3_4.MetricDefinition,GET,,200,,,,,
/redfish/v1/TelemetryService/MetricDefinitions/PMT_Socket0_0x22473996_Core70_TEMP,#MetricDefinition.v1_3_4.MetricDefinition,GET,,200,,,,,
/redfish/v1/TelemetryService/MetricDefinitions/PMT_Socket0_0x22473996_Core71_TEMP,#MetricDefinition.v1_3_4.MetricDefinition,GET,,200,,,,,
/redfish/v1/TelemetryService/MetricDefinitions/PMT_Socket0_0x22473996_Core72_TEMP,#MetricDefinition.v1_3_4.MetricDefinition,GET,,200,,,,,
/redfish/v1/TelemetryService/MetricDefinitions/PMT_Socket0_0x22473996_Core73_TEMP,#MetricDefinition.v1_3_4.MetricDefinition,GET,,200,,,,,
/redfish/v1/TelemetryService/MetricDefinitions/PMT_Socket0_0x22473996_Core74_TEMP,#MetricDefinition.v1_3_4.MetricDefinition,GET,,200,,,,,
/redfish/v1/TelemetryService/MetricDefinitions/PMT_Socket0_0x22473996_Core75_TEMP,#MetricDefinition.v1_3_4.MetricDefinition,GET,,200,,,,,
/redfish/v1/TelemetryService/MetricDefinitions/PMT_Socket0_0x22473996_Core76_TEMP,#MetricDefinition.v1_3_4.MetricDefinition,GET,,200,,,,,
/redfish/v1/TelemetryService/MetricDefinitions/PMT_Socket0_0x22473996_Core77_TEMP,#MetricDefinition.v1_3_4.MetricDefinition,GET,,200,,,,,
/redfish/v1/TelemetryService/MetricDefinitions/PMT_Socket0_0x22473996_Core78_TEMP,#MetricDefinition.v1_3_4.MetricDefinition,GET,,200,,,,,
/redfish/v1/TelemetryService/MetricDefinitions/PMT_Socket0_0x22473996_Core79_TEMP,#MetricDefinition.v1_3_4.MetricDefinition,GET,,200,,,,,
/redfish/v1/TelemetryService/MetricDefinitions/PMT_Socket0_0x22473996_Core7_TEMP,#MetricDefinition.v1_3_4.MetricDefinition,GET,,200,,,,,
/redfish/v1/TelemetryService/MetricDefinitions/PMT_Socket0_0x22473996_Core80_TEMP,#MetricDefinition.v1_3_4.MetricDefinition,GET,,200,,,,,
/redfish/v1/TelemetryService/MetricDefinitions/PMT_Socket0_0x22473996_Core81_TEMP,#MetricDefinition.v1_3_4.MetricDefinition,GET,,200,,,,,
/redfish/v1/TelemetryService/MetricDefinitions/PMT_Socket0_0x22473996_Core82_TEMP,#MetricDefinition.v1_3_4.MetricDefinition,GET,,200,,,,,
/redfish/v1/TelemetryService/MetricDefinitions/PMT_Socket0_0x22473996_Core83_TEMP,#MetricDefinition.v1_3_4.MetricDefinition,GET,,200,,,,,
/redfish/v1/TelemetryService/MetricDefinitions/PMT_Socket0_0x22473996_Core84_TEMP,#MetricDefinition.v1_3_4.MetricDefinition,GET,,200,,,,,
/redfish/v1/TelemetryService/MetricDefinitions/PMT_Socket0_0x22473996_Core85_TEMP,#MetricDefinition.v1_3_4.MetricDefinition,GET,,200,,,,,
/redfish/v1/TelemetryService/MetricDefinitions/PMT_Socket0_0x22473996_Core8_TEMP,#MetricDefinition.v1_3_4.MetricDefinition,GET,,200,,,,,
/redfish/v1/TelemetryService/MetricDefinitions/PMT_Socket0_0x22473996_Core9_TEMP,#MetricDefinition.v1_3_4.MetricDefinition,GET,,200,,,,,
/redfish/v1/TelemetryService/MetricDefinitions/PMT_Socket0_0x22806802_ComputeDie0_AGGREGATE_CORE_CSTATE_RESIDENCY_C0,#MetricDefinition.v1_3_4.MetricDefinition,GET,,200,,,,,
/redfish/v1/TelemetryService/MetricDefinitions/PMT_Socket0_0x22806802_ComputeDie0_DIE_CSTATE_RESIDENCY_C1E,#MetricDefinition.v1_3_4.MetricDefinition,GET,,200,,,,,
/redfish/v1/TelemetryService/MetricDefinitions/PMT_Socket0_0x22806802_ComputeDie1_AGGREGATE_CORE_CSTATE_RESIDENCY_C0,#MetricDefinition.v1_3_4.MetricDefinition,GET,,200,,,,,
/redfish/v1/TelemetryService/MetricDefinitions/PMT_Socket0_0x22806802_ComputeDie1_DIE_CSTATE_RESIDENCY_C1E,#MetricDefinition.v1_3_4.MetricDefinition,GET,,200,,,,,
/redfish/v1/TelemetryService/MetricDefinitions/PMT_Socket0_0x22806802_Core0_CSTATE_RESIDENCY_C0,#MetricDefinition.v1_3_4.MetricDefinition,GET,,200,,,,,
/redfish/v1/TelemetryService/MetricDefinitions/PMT_Socket0_0x22806802_Core0_CSTATE_RESIDENCY_C1,#MetricDefinition.v1_3_4.MetricDefinition,GET,,200,,,,,
/redfish/v1/TelemetryService/MetricDefinitions/PMT_Socket0_0x22806802_Core10_CSTATE_RESIDENCY_C0,#MetricDefinition.v1_3_4.MetricDefinition,GET,,200,,,,,
/redfish/v1/TelemetryService/MetricDefinitions/PMT_Socket0_0x22806802_Core10_CSTATE_RESIDENCY_C1,#MetricDefinition.v1_3_4.MetricDefinition,GET,,200,,,,,
/redfish/v1/TelemetryService/MetricDefinitions/PMT_Socket0_0x22806802_Core11_CSTATE_RESIDENCY_C0,#MetricDefinition.v1_3_4.MetricDefinition,GET,,200,,,,,
/redfish/v1/TelemetryService/MetricDefinitions/PMT_Socket0_0x22806802_Core11_CSTATE_RESIDENCY_C1,#MetricDefinition.v1_3_4.MetricDefinition,GET,,200,,,,,
/redfish/v1/TelemetryService/MetricDefinitions/PMT_Socket0_0x22806802_Core12_CSTATE_RESIDENCY_C0,#MetricDefinition.v1_3_4.MetricDefinition,GET,,200,,,,,
/redfish/v1/TelemetryService/MetricDefinitions/PMT_Socket0_0x22806802_Core12_CSTATE_RESIDENCY_C1,#MetricDefinition.v1_3_4.MetricDefinition,GET,,200,,,,,
/redfish/v1/TelemetryService/MetricDefinitions/PMT_Socket0_0x22806802_Core13_CSTATE_RESIDENCY_C0,#MetricDefinition.v1_3_4.MetricDefinition,GET,,200,,,,,
/redfish/v1/TelemetryService/MetricDefinitions/PMT_Socket0_0x22806802_Core13_CSTATE_RESIDENCY_C1,#MetricDefinition.v1_3_4.MetricDefinition,GET,,200,,,,,
/redfish/v1/TelemetryService/MetricDefinitions/PMT_Socket0_0x22806802_Core14_CSTATE_RESIDENCY_C0,#MetricDefinition.v1_3_4.MetricDefinition,GET,,200,,,,,
/redfish/v1/TelemetryService/MetricDefinitions/PMT_Socket0_0x22806802_Core14_CSTATE_RESIDENCY_C1,#MetricDefinition.v1_3_4.MetricDefinition,GET,,200,,,,,
/redfish/v1/TelemetryService/MetricDefinitions/PMT_Socket0_0x22806802_Core15_CSTATE_RESIDENCY_C0,#MetricDefinition.v1_3_4.MetricDefinition,GET,,200,,,,,
/redfish/v1/TelemetryService/MetricDefinitions/PMT_Socket0_0x22806802_Core15_CSTATE_RESIDENCY_C1,#MetricDefinition.v1_3_4.MetricDefinition,GET,,200,,,,,
/redfish/v1/TelemetryService/MetricDefinitions/PMT_Socket0_0x22806802_Core16_CSTATE_RESIDENCY_C0,#MetricDefinition.v1_3_4.MetricDefinition,GET,,200,,,,,
/redfish/v1/TelemetryService/MetricDefinitions/PMT_Socket0_0x22806802_Core16_CSTATE_RESIDENCY_C1,#MetricDefinition.v1_3_4.MetricDefinition,GET,,200,,,,,
/redfish/v1/TelemetryService/MetricDefinitions/PMT_Socket0_0x22806802_Core17_CSTATE_RESIDENCY_C0,#MetricDefinition.v1_3_4.MetricDefinition,GET,,200,,,,,
/redfish/v1/TelemetryService/MetricDefinitions/PMT_Socket0_0x22806802_Core17_CSTATE_RESIDENCY_C1,#MetricDefinition.v1_3_4.MetricDefinition,GET,,200,,,,,
/redfish/v1/TelemetryService/MetricDefinitions/PMT_Socket0_0x22806802_Core18_CSTATE_RESIDENCY_C0,#MetricDefinition.v1_3_4.MetricDefinition,GET,,200,,,,,
/redfish/v1/TelemetryService/MetricDefinitions/PMT_Socket0_0x22806802_Core18_CSTATE_RESIDENCY_C1,#MetricDefinition.v1_3_4.MetricDefinition,GET,,200,,,,,
/redfish/v1/TelemetryService/MetricDefinitions/PMT_Socket0_0x22806802_Core19_CSTATE_RESIDENCY_C0,#MetricDefinition.v1_3_4.MetricDefinition,GET,,200,,,,,
/redfish/v1/TelemetryService/MetricDefinitions/PMT_Socket0_0x22806802_Core19_CSTATE_RESIDENCY_C1,#MetricDefinition.v1_3_4.MetricDefinition,GET,,200,,,,,
/redfish/v1/TelemetryService/MetricDefinitions/PMT_Socket0_0x22806802_Core1_CSTATE_RESIDENCY_C0,#MetricDefinition.v1_3_4.MetricDefinition,GET,,200,,,,,
/redfish/v1/TelemetryService/MetricDefinitions/PMT_Socket0_0x22806802_Core1_CSTATE_RESIDENCY_C1,#MetricDefinition.v1_3_4.MetricDefinition,GET,,200,,,,,
/redfish/v1/TelemetryService/MetricDefinitions/PMT_Socket0_0x22806802_Core20_CSTATE_RESIDENCY_C0,#MetricDefinition.v1_3_4.MetricDefinition,GET,,200,,,,,
/redfish/v1/TelemetryService/MetricDefinitions/PMT_Socket0_0x22806802_Core20_CSTATE_RESIDENCY_C1,#MetricDefinition.v1_3_4.MetricDefinition,GET,,200,,,,,
/redfish/v1/TelemetryService/MetricDefinitions/PMT_Socket0_0x22806802_Core21_CSTATE_RESIDENCY_C0,#MetricDefinition.v1_3_4.MetricDefinition,GET,,200,,,,,
/redfish/v1/TelemetryService/MetricDefinitions/PMT_Socket0_0x22806802_Core21_CSTATE_RESIDENCY_C1,#MetricDefinition.v1_3_4.MetricDefinition,GET,,200,,,,,
/redfish/v1/TelemetryService/MetricDefinitions/PMT_Socket0_0x22806802_Core22_CSTATE_RESIDENCY_C0,#MetricDefinition.v1_3_4.MetricDefinition,GET,,200,,,,,
/redfish/v1/TelemetryService/MetricDefinitions/PMT_Socket0_0x22806802_Core22_CSTATE_RESIDENCY_C1,#MetricDefinition.v1_3_4.MetricDefinition,GET,,200,,,,,
/redfish/v1/TelemetryService/MetricDefinitions/PMT_Socket0_0x22806802_Core23_CSTATE_RESIDENCY_C0,#MetricDefinition.v1_3_4.MetricDefinition,GET,,200,,,,,
/redfish/v1/TelemetryService/MetricDefinitions/PMT_Socket0_0x22806802_Core23_CSTATE_RESIDENCY_C1,#MetricDefinition.v1_3_4.MetricDefinition,GET,,200,,,,,
/redfish/v1/TelemetryService/MetricDefinitions/PMT_Socket0_0x22806802_Core24_CSTATE_RESIDENCY_C0,#MetricDefinition.v1_3_4.MetricDefinition,GET,,200,,,,,
/redfish/v1/TelemetryService/MetricDefinitions/PMT_Socket0_0x22806802_Core24_CSTATE_RESIDENCY_C1,#MetricDefinition.v1_3_4.MetricDefinition,GET,,200,,,,,
/redfish/v1/TelemetryService/MetricDefinitions/PMT_Socket0_0x22806802_Core25_CSTATE_RESIDENCY_C0,#MetricDefinition.v1_3_4.MetricDefinition,GET,,200,,,,,
/redfish/v1/TelemetryService/MetricDefinitions/PMT_Socket0_0x22806802_Core25_CSTATE_RESIDENCY_C1,#MetricDefinition.v1_3_4.MetricDefinition,GET,,200,,,,,
/redfish/v1/TelemetryService/MetricDefinitions/PMT_Socket0_0x22806802_Core26_CSTATE_RESIDENCY_C0,#MetricDefinition.v1_3_4.MetricDefinition,GET,,200,,,,,
/redfish/v1/TelemetryService/MetricDefinitions/PMT_Socket0_0x22806802_Core26_CSTATE_RESIDENCY_C1,#MetricDefinition.v1_3_4.MetricDefinition,GET,,200,,,,,
/redfish/v1/TelemetryService/MetricDefinitions/PMT_Socket0_0x22806802_Core27_CSTATE_RESIDENCY_C0,#MetricDefinition.v1_3_4.MetricDefinition,GET,,200,,,,,
/redfish/v1/TelemetryService/MetricDefinitions/PMT_Socket0_0x22806802_Core27_CSTATE_RESIDENCY_C1,#MetricDefinition.v1_3_4.MetricDefinition,GET,,200,,,,,
/redfish/v1/TelemetryService/MetricDefinitions/PMT_Socket0_0x22806802_Core28_CSTATE_RESIDENCY_C0,#MetricDefinition.v1_3_4.MetricDefinition,GET,,200,,,,,
/redfish/v1/TelemetryService/MetricDefinitions/PMT_Socket0_0x22806802_Core28_CSTATE_RESIDENCY_C1,#MetricDefinition.v1_3_4.MetricDefinition,GET,,200,,,,,
/redfish/v1/TelemetryService/MetricDefinitions/PMT_Socket0_0x22806802_Core29_CSTATE_RESIDENCY_C0,#MetricDefinition.v1_3_4.MetricDefinition,GET,,200,,,,,
/redfish/v1/TelemetryService/MetricDefinitions/PMT_Socket0_0x22806802_Core29_CSTATE_RESIDENCY_C1,#MetricDefinition.v1_3_4.MetricDefinition,GET,,200,,,,,
/redfish/v1/TelemetryService/MetricDefinitions/PMT_Socket0_0x22806802_Core2_CSTATE_RESIDENCY_C0,#MetricDefinition.v1_3_4.MetricDefinition,GET,,200,,,,,
/redfish/v1/TelemetryService/MetricDefinitions/PMT_Socket0_0x22806802_Core2_CSTATE_RESIDENCY_C1,#MetricDefinition.v1_3_4.MetricDefinition,GET,,200,,,,,
/redfish/v1/TelemetryService/MetricDefinitions/PMT_Socket0_0x22806802_Core30_CSTATE_RESIDENCY_C0,#MetricDefinition.v1_3_4.MetricDefinition,GET,,200,,,,,
/redfish/v1/TelemetryService/MetricDefinitions/PMT_Socket0_0x22806802_Core30_CSTATE_RESIDENCY_C1,#MetricDefinition.v1_3_4.MetricDefinition,GET,,200,,,,,
/redfish/v1/TelemetryService/MetricDefinitions/PMT_Socket0_0x22806802_Core31_CSTATE_RESIDENCY_C0,#MetricDefinition.v1_3_4.MetricDefinition,GET,,200,,,,,
/redfish/v1/TelemetryService/MetricDefinitions/PMT_Socket0_0x22806802_Core31_CSTATE_RESIDENCY_C1,#MetricDefinition.v1_3_4.MetricDefinition,GET,,200,,,,,
/redfish/v1/TelemetryService/MetricDefinitions/PMT_Socket0_0x22806802_Core32_CSTATE_RESIDENCY_C0,#MetricDefinition.v1_3_4.MetricDefinition,GET,,200,,,,,
/redfish/v1/TelemetryService/MetricDefinitions/PMT_Socket0_0x22806802_Core32_CSTATE_RESIDENCY_C1,#MetricDefinition.v1_3_4.MetricDefinition,GET,,200,,,,,
/redfish/v1/TelemetryService/MetricDefinitions/PMT_Socket0_0x22806802_Core33_CSTATE_RESIDENCY_C0,#MetricDefinition.v1_3_4.MetricDefinition,GET,,200,,,,,
/redfish/v1/TelemetryService/MetricDefinitions/PMT_Socket0_0x22806802_Core33_CSTATE_RESIDENCY_C1,#MetricDefinition.v1_3_4.MetricDefinition,GET,,200,,,,,
/redfish/v1/TelemetryService/MetricDefinitions/PMT_Socket0_0x22806802_Core34_CSTATE_RESIDENCY_C0,#MetricDefinition.v1_3_4.MetricDefinition,GET,,200,,,,,
/redfish/v1/TelemetryService/MetricDefinitions/PMT_Socket0_0x22806802_Core34_CSTATE_RESIDENCY_C1,#MetricDefinition.v1_3_4.MetricDefinition,GET,,200,,,,,
/redfish/v1/TelemetryService/MetricDefinitions/PMT_Socket0_0x22806802_Core35_CSTATE_RESIDENCY_C0,#MetricDefinition.v1_3_4.MetricDefinition,GET,,200,,,,,
/redfish/v1/TelemetryService/MetricDefinitions/PMT_Socket0_0x22806802_Core35_CSTATE_RESIDENCY_C1,#MetricDefinition.v1_3_4.MetricDefinition,GET,,200,,,,,
/redfish/v1/TelemetryService/MetricDefinitions/PMT_Socket0_0x22806802_Core36_CSTATE_RESIDENCY_C0,#MetricDefinition.v1_3_4.MetricDefinition,GET,,200,,,,,
/redfish/v1/TelemetryService/MetricDefinitions/PMT_Socket0_0x22806802_Core36_CSTATE_RESIDENCY_C1,#MetricDefinition.v1_3_4.MetricDefinition,GET,,200,,,,,
/redfish/v1/TelemetryService/MetricDefinitions/PMT_Socket0_0x22806802_Core37_CSTATE_RESIDENCY_C0,#MetricDefinition.v1_3_4.MetricDefinition,GET,,200,,,,,
/redfish/v1/TelemetryService/MetricDefinitions/PMT_Socket0_0x22806802_Core37_CSTATE_RESIDENCY_C1,#MetricDefinition.v1_3_4.MetricDefinition,GET,,200,,,,,
/redfish/v1/TelemetryService/MetricDefinitions/PMT_Socket0_0x22806802_Core38_CSTATE_RESIDENCY_C0,#MetricDefinition.v1_3_4.MetricDefinition,GET,,200,,,,,
/redfish/v1/TelemetryService/MetricDefinitions/PMT_Socket0_0x22806802_Core38_CSTATE_RESIDENCY_C1,#MetricDefinition.v1_3_4.MetricDefinition,GET,,200,,,,,
/redfish/v1/TelemetryService/MetricDefinitions/PMT_Socket0_0x22806802_Core39_CSTATE_RESIDENCY_C0,#MetricDefinition.v1_3_4.MetricDefinition,GET,,200,,,,,
/redfish/v1/TelemetryService/MetricDefinitions/PMT_Socket0_0x22806802_Core39_CSTATE_RESIDENCY_C1,#MetricDefinition.v1_3_4.MetricDefinition,GET,,200,,,,,
/redfish/v1/TelemetryService/MetricDefinitions/PMT_Socket0_0x22806802_Core3_CSTATE_RESIDENCY_C0,#MetricDefinition.v1_3_4.MetricDefinition,GET,,200,,,,,
/redfish/v1/TelemetryService/MetricDefinitions/PMT_Socket0_0x22806802_Core3_CSTATE_RESIDENCY_C1,#MetricDefinition.v1_3_4.MetricDefinition,GET,,200,,,,,
/redfish/v1/TelemetryService/MetricDefinitions/PMT_Socket0_0x22806802_Core40_CSTATE_RESIDENCY_C0,#MetricDefinition.v1_3_4.MetricDefinition,GET,,200,,,,,
/redfish/v1/TelemetryService/MetricDefinitions/PMT_Socket0_0x22806802_Core40_CSTATE_RESIDENCY_C1,#MetricDefinition.v1_3_4.MetricDefinition,GET,,200,,,,,
/redfish/v1/TelemetryService/MetricDefinitions/PMT_Socket0_0x22806802_Core41_CSTATE_RESIDENCY_C0,#MetricDefinition.v1_3_4.MetricDefinition,GET,,200,,,,,
/redfish/v1/TelemetryService/MetricDefinitions/PMT_Socket0_0x22806802_Core41_CSTATE_RESIDENCY_C1,#MetricDefinition.v1_3_4.MetricDefinition,GET,,200,,,,,
/redfish/v1/TelemetryService/MetricDefinitions/PMT_Socket0_0x22806802_Core42_CSTATE_RESIDENCY_C0,#MetricDefinition.v1_3_4.MetricDefinition,GET,,200,,,,,
/redfish/v1/TelemetryService/MetricDefinitions/PMT_Socket0_0x22806802_Core42_CSTATE_RESIDENCY_C1,#MetricDefinition.v1_3_4.MetricDefinition,GET,,200,,,,,
/redfish/v1/TelemetryService/MetricDefinitions/PMT_Socket0_0x22806802_Core43_CSTATE_RESIDENCY_C0,#MetricDefinition.v1_3_4.MetricDefinition,GET,,200,,,,,
/redfish/v1/TelemetryService/MetricDefinitions/PMT_Socket0_0x22806802_Core43_CSTATE_RESIDENCY_C1,#MetricDefinition.v1_3_4.MetricDefinition,GET,,200,,,,,
/redfish/v1/TelemetryService/MetricDefinitions/PMT_Socket0_0x22806802_Core44_CSTATE_RESIDENCY_C0,#MetricDefinition.v1_3_4.MetricDefinition,GET,,200,,,,,
/redfish/v1/TelemetryService/MetricDefinitions/PMT_Socket0_0x22806802_Core44_CSTATE_RESIDENCY_C1,#MetricDefinition.v1_3_4.MetricDefinition,GET,,200,,,,,
/redfish/v1/TelemetryService/MetricDefinitions/PMT_Socket0_0x22806802_Core45_CSTATE_RESIDENCY_C0,#MetricDefinition.v1_3_4.MetricDefinition,GET,,200,,,,,
/redfish/v1/TelemetryService/MetricDefinitions/PMT_Socket0_0x22806802_Core45_CSTATE_RESIDENCY_C1,#MetricDefinition.v1_3_4.MetricDefinition,GET,,200,,,,,
/redfish/v1/TelemetryService/MetricDefinitions/PMT_Socket0_0x22806802_Core46_CSTATE_RESIDENCY_C0,#MetricDefinition.v1_3_4.MetricDefinition,GET,,200,,,,,
/redfish/v1/TelemetryService/MetricDefinitions/PMT_Socket0_0x22806802_Core46_CSTATE_RESIDENCY_C1,#MetricDefinition.v1_3_4.MetricDefinition,GET,,200,,,,,
/redfish/v1/TelemetryService/MetricDefinitions/PMT_Socket0_0x22806802_Core47_CSTATE_RESIDENCY_C0,#MetricDefinition.v1_3_4.MetricDefinition,GET,,200,,,,,
/redfish/v1/TelemetryService/MetricDefinitions/PMT_Socket0_0x22806802_Core47_CSTATE_RESIDENCY_C1,#MetricDefinition.v1_3_4.MetricDefinition,GET,,200,,,,,
/redfish/v1/TelemetryService/MetricDefinitions/PMT_Socket0_0x22806802_Core48_CSTATE_RESIDENCY_C0,#MetricDefinition.v1_3_4.MetricDefinition,GET,,200,,,,,
/redfish/v1/TelemetryService/MetricDefinitions/PMT_Socket0_0x22806802_Core48_CSTATE_RESIDENCY_C1,#MetricDefinition.v1_3_4.MetricDefinition,GET,,200,,,,,
/redfish/v1/TelemetryService/MetricDefinitions/PMT_Socket0_0x22806802_Core49_CSTATE_RESIDENCY_C0,#MetricDefinition.v1_3_4.MetricDefinition,GET,,200,,,,,
/redfish/v1/TelemetryService/MetricDefinitions/PMT_Socket0_0x22806802_Core49_CSTATE_RESIDENCY_C1,#MetricDefinition.v1_3_4.MetricDefinition,GET,,200,,,,,
/redfish/v1/TelemetryService/MetricDefinitions/PMT_Socket0_0x22806802_Core4_CSTATE_RESIDENCY_C0,#MetricDefinition.v1_3_4.MetricDefinition,GET,,200,,,,,
/redfish/v1/TelemetryService/MetricDefinitions/PMT_Socket0_0x22806802_Core4_CSTATE_RESIDENCY_C1,#MetricDefinition.v1_3_4.MetricDefinition,GET,,200,,,,,
/redfish/v1/TelemetryService/MetricDefinitions/PMT_Socket0_0x22806802_Core50_CSTATE_RESIDENCY_C0,#MetricDefinition.v1_3_4.MetricDefinition,GET,,200,,,,,
/redfish/v1/TelemetryService/MetricDefinitions/PMT_Socket0_0x22806802_Core50_CSTATE_RESIDENCY_C1,#MetricDefinition.v1_3_4.MetricDefinition,GET,,200,,,,,
/redfish/v1/TelemetryService/MetricDefinitions/PMT_Socket0_0x22806802_Core51_CSTATE_RESIDENCY_C0,#MetricDefinition.v1_3_4.MetricDefinition,GET,,200,,,,,
/redfish/v1/TelemetryService/MetricDefinitions/PMT_Socket0_0x22806802_Core51_CSTATE_RESIDENCY_C1,#MetricDefinition.v1_3_4.MetricDefinition,GET,,200,,,,,
/redfish/v1/TelemetryService/MetricDefinitions/PMT_Socket0_0x22806802_Core52_CSTATE_RESIDENCY_C0,#MetricDefinition.v1_3_4.MetricDefinition,GET,,200,,,,,
/redfish/v1/TelemetryService/MetricDefinitions/PMT_Socket0_0x22806802_Core52_CSTATE_RESIDENCY_C1,#MetricDefinition.v1_3_4.MetricDefinition,GET,,200,,,,,
/redfish/v1/TelemetryService/MetricDefinitions/PMT_Socket0_0x22806802_Core53_CSTATE_RESIDENCY_C0,#MetricDefinition.v1_3_4.MetricDefinition,GET,,200,,,,,
/redfish/v1/TelemetryService/MetricDefinitions/PMT_Socket0_0x22806802_Core53_CSTATE_RESIDENCY_C1,#MetricDefinition.v1_3_4.MetricDefinition,GET,,200,,,,,
/redfish/v1/TelemetryService/MetricDefinitions/PMT_Socket0_0x22806802_Core54_CSTATE_RESIDENCY_C0,#MetricDefinition.v1_3_4.MetricDefinition,GET,,200,,,,,
/redfish/v1/TelemetryService/MetricDefinitions/PMT_Socket0_0x22806802_Core54_CSTATE_RESIDENCY_C1,#MetricDefinition.v1_3_4.MetricDefinition,GET,,200,,,,,
/redfish/v1/TelemetryService/MetricDefinitions/PMT_Socket0_0x22806802_Core55_CSTATE_RESIDENCY_C0,#MetricDefinition.v1_3_4.MetricDefinition,GET,,200,,,,,
/redfish/v1/TelemetryService/MetricDefinitions/PMT_Socket0_0x22806802_Core55_CSTATE_RESIDENCY_C1,#MetricDefinition.v1_3_4.MetricDefinition,GET,,200,,,,,
/redfish/v1/TelemetryService/MetricDefinitions/PMT_Socket0_0x22806802_Core56_CSTATE_RESIDENCY_C0,#MetricDefinition.v1_3_4.MetricDefinition,GET,,200,,,,,
/redfish/v1/TelemetryService/MetricDefinitions/PMT_Socket0_0x22806802_Core56_CSTATE_RESIDENCY_C1,#MetricDefinition.v1_3_4.MetricDefinition,GET,,200,,,,,
/redfish/v1/TelemetryService/MetricDefinitions/PMT_Socket0_0x22806802_Core57_CSTATE_RESIDENCY_C0,#MetricDefinition.v1_3_4.MetricDefinition,GET,,200,,,,,
/redfish/v1/TelemetryService/MetricDefinitions/PMT_Socket0_0x22806802_Core57_CSTATE_RESIDENCY_C1,#MetricDefinition.v1_3_4.MetricDefinition,GET,,200,,,,,
/redfish/v1/TelemetryService/MetricDefinitions/PMT_Socket0_0x22806802_Core58_CSTATE_RESIDENCY_C0,#MetricDefinition.v1_3_4.MetricDefinition,GET,,200,,,,,
/redfish/v1/TelemetryService/MetricDefinitions/PMT_Socket0_0x22806802_Core58_CSTATE_RESIDENCY_C1,#MetricDefinition.v1_3_4.MetricDefinition,GET,,200,,,,,
/redfish/v1/TelemetryService/MetricDefinitions/PMT_Socket0_0x22806802_Core59_CSTATE_RESIDENCY_C0,#MetricDefinition.v1_3_4.MetricDefinition,GET,,200,,,,,
/redfish/v1/TelemetryService/MetricDefinitions/PMT_Socket0_0x22806802_Core59_CSTATE_RESIDENCY_C1,#MetricDefinition.v1_3_4.MetricDefinition,GET,,200,,,,,
/redfish/v1/TelemetryService/MetricDefinitions/PMT_Socket0_0x22806802_Core5_CSTATE_RESIDENCY_C0,#MetricDefinition.v1_3_4.MetricDefinition,GET,,200,,,,,
/redfish/v1/TelemetryService/MetricDefinitions/PMT_Socket0_0x22806802_Core5_CSTATE_RESIDENCY_C1,#MetricDefinition.v1_3_4.MetricDefinition,GET,,200,,,,,
/redfish/v1/TelemetryService/MetricDefinitions/PMT_Socket0_0x22806802_Core60_CSTATE_RESIDENCY_C0,#MetricDefinition.v1_3_4.MetricDefinition,GET,,200,,,,,
/redfish/v1/TelemetryService/MetricDefinitions/PMT_Socket0_0x22806802_Core60_CSTATE_RESIDENCY_C1,#MetricDefinition.v1_3_4.MetricDefinition,GET,,200,,,,,
/redfish/v1/TelemetryService/MetricDefinitions/PMT_Socket0_0x22806802_Core61_CSTATE_RESIDENCY_C0,#MetricDefinition.v1_3_4.MetricDefinition,GET,,200,,,,,
/redfish/v1/TelemetryService/MetricDefinitions/PMT_Socket0_0x22806802_Core61_CSTATE_RESIDENCY_C1,#MetricDefinition.v1_3_4.MetricDefinition,GET,,200,,,,,
/redfish/v1/TelemetryService/MetricDefinitions/PMT_Socket0_0x22806802_Core62_CSTATE_RESIDENCY_C0,#MetricDefinition.v1_3_4.MetricDefinition,GET,,200,,,,,
/redfish/v1/TelemetryService/MetricDefinitions/PMT_Socket0_0x22806802_Core62_CSTATE_RESIDENCY_C1,#MetricDefinition.v1_3_4.MetricDefinition,GET,,200,,,,,
/redfish/v1/TelemetryService/MetricDefinitions/PMT_Socket0_0x22806802_Core63_CSTATE_RESIDENCY_C0,#MetricDefinition.v1_3_4.MetricDefinition,GET,,200,,,,,
/redfish/v1/TelemetryService/MetricDefinitions/PMT_Socket0_0x22806802_Core63_CSTATE_RESIDENCY_C1,#MetricDefinition.v1_3_4.MetricDefinition,GET,,200,,,,,
/redfish/v1/TelemetryService/MetricDefinitions/PMT_Socket0_0x22806802_Core64_CSTATE_RESIDENCY_C0,#MetricDefinition.v1_3_4.MetricDefinition,GET,,200,,,,,
/redfish/v1/TelemetryService/MetricDefinitions/PMT_Socket0_0x22806802_Core64_CSTATE_RESIDENCY_C1,#MetricDefinition.v1_3_4.MetricDefinition,GET,,200,,,,,
/redfish/v1/TelemetryService/MetricDefinitions/PMT_Socket0_0x22806802_Core65_CSTATE_RESIDENCY_C0,#MetricDefinition.v1_3_4.MetricDefinition,GET,,200,,,,,
/redfish/v1/TelemetryService/MetricDefinitions/PMT_Socket0_0x22806802_Core65_CSTATE_RESIDENCY_C1,#MetricDefinition.v1_3_4.MetricDefinition,GET,,200,,,,,
/redfish/v1/TelemetryService/MetricDefinitions/PMT_Socket0_0x22806802_Core66_CSTATE_RESIDENCY_C0,#MetricDefinition.v1_3_4.MetricDefinition,GET,,200,,,,,
/redfish/v1/TelemetryService/MetricDefinitions/PMT_Socket0_0x22806802_Core66_CSTATE_RESIDENCY_C1,#MetricDefinition.v1_3_4.MetricDefinition,GET,,200,,,,,
/redfish/v1/TelemetryService/MetricDefinitions/PMT_Socket0_0x22806802_Core67_CSTATE_RESIDENCY_C0,#MetricDefinition.v1_3_4.MetricDefinition,GET,,200,,,,,
/redfish/v1/TelemetryService/MetricDefinitions/PMT_Socket0_0x22806802_Core67_CSTATE_RESIDENCY_C1,#MetricDefinition.v1_3_4.MetricDefinition,GET,,200,,,,,
/redfish/v1/TelemetryService/MetricDefinitions/PMT_Socket0_0x22806802_Core68_CSTATE_RESIDENCY_C0,#MetricDefinition.v1_3_4.MetricDefinition,GET,,200,,,,,
/redfish/v1/TelemetryService/MetricDefinitions/PMT_Socket0_0x22806802_Core68_CSTATE_RESIDENCY_C1,#MetricDefinition.v1_3_4.MetricDefinition,GET,,200,,,,,
/redfish/v1/TelemetryService/MetricDefinitions/PMT_Socket0_0x22806802_Core69_CSTATE_RESIDENCY_C0,#MetricDefinition.v1_3_4.MetricDefinition,GET,,200,,,,,
/redfish/v1/TelemetryService/MetricDefinitions/PMT_Socket0_0x22806802_Core69_CSTATE_RESIDENCY_C1,#MetricDefinition.v1_3_4.MetricDefinition,GET,,200,,,,,
/redfish/v1/TelemetryService/MetricDefinitions/PMT_Socket0_0x22806802_Core6_CSTATE_RESIDENCY_C0,#MetricDefinition.v1_3_4.MetricDefinition,GET,,200,,,,,
/redfish/v1/TelemetryService/MetricDefinitions/PMT_Socket0_0x22806802_Core6_CSTATE_RESIDENCY_C1,#MetricDefinition.v1_3_4.MetricDefinition,GET,,200,,,,,
/redfish/v1/TelemetryService/MetricDefinitions/PMT_Socket0_0x22806802_Core70_CSTATE_RESIDENCY_C0,#MetricDefinition.v1_3_4.MetricDefinition,GET,,200,,,,,
/redfish/v1/TelemetryService/MetricDefinitions/PMT_Socket0_0x22806802_Core70_CSTATE_RESIDENCY_C1,#MetricDefinition.v1_3_4.MetricDefinition,GET,,200,,,,,
/redfish/v1/TelemetryService/MetricDefinitions/PMT_Socket0_0x22806802_Core71_CSTATE_RESIDENCY_C0,#MetricDefinition.v1_3_4.MetricDefinition,GET,,200,,,,,
/redfish/v1/TelemetryService/MetricDefinitions/PMT_Socket0_0x22806802_Core71_CSTATE_RESIDENCY_C1,#MetricDefinition.v1_3_4.MetricDefinition,GET,,200,,,,,
/redfish/v1/TelemetryService/MetricDefinitions/PMT_Socket0_0x22806802_Core72_CSTATE_RESIDENCY_C0,#MetricDefinition.v1_3_4.MetricDefinition,GET,,200,,,,,
/redfish/v1/TelemetryService/MetricDefinitions/PMT_Socket0_0x22806802_Core72_CSTATE_RESIDENCY_C1,#MetricDefinition.v1_3_4.MetricDefinition,GET,,200,,,,,
/redfish/v1/TelemetryService/MetricDefinitions/PMT_Socket0_0x22806802_Core73_CSTATE_RESIDENCY_C0,#MetricDefinition.v1_3_4.MetricDefinition,GET,,200,,,,,
/redfish/v1/TelemetryService/MetricDefinitions/PMT_Socket0_0x22806802_Core73_CSTATE_RESIDENCY_C1,#MetricDefinition.v1_3_4.MetricDefinition,GET,,200,,,,,
/redfish/v1/TelemetryService/MetricDefinitions/PMT_Socket0_0x22806802_Core74_CSTATE_RESIDENCY_C0,#MetricDefinition.v1_3_4.MetricDefinition,GET,,200,,,,,
/redfish/v1/TelemetryService/MetricDefinitions/PMT_Socket0_0x22806802_Core74_CSTATE_RESIDENCY_C1,#MetricDefinition.v1_3_4.MetricDefinition,GET,,200,,,,,
/redfish/v1/TelemetryService/MetricDefinitions/PMT_Socket0_0x22806802_Core75_CSTATE_RESIDENCY_C0,#MetricDefinition.v1_3_4.MetricDefinition,GET,,200,,,,,
/redfish/v1/TelemetryService/MetricDefinitions/PMT_Socket0_0x22806802_Core75_CSTATE_RESIDENCY_C1,#MetricDefinition.v1_3_4.MetricDefinition,GET,,200,,,,,
/redfish/v1/TelemetryService/MetricDefinitions/PMT_Socket0_0x22806802_Core76_CSTATE_RESIDENCY_C0,#MetricDefinition.v1_3_4.MetricDefinition,GET,,200,,,,,
/redfish/v1/TelemetryService/MetricDefinitions/PMT_Socket0_0x22806802_Core76_CSTATE_RESIDENCY_C1,#MetricDefinition.v1_3_4.MetricDefinition,GET,,200,,,,,
/redfish/v1/TelemetryService/MetricDefinitions/PMT_Socket0_0x22806802_Core77_CSTATE_RESIDENCY_C0,#MetricDefinition.v1_3_4.MetricDefinition,GET,,200,,,,,
/redfish/v1/TelemetryService/MetricDefinitions/PMT_Socket0_0x22806802_Core77_CSTATE_RESIDENCY_C1,#MetricDefinition.v1_3_4.MetricDefinition,GET,,200,,,,,
/redfish/v1/TelemetryService/MetricDefinitions/PMT_Socket0_0x22806802_Core78_CSTATE_RESIDENCY_C0,#MetricDefinition.v1_3_4.MetricDefinition,GET,,200,,,,,
/redfish/v1/TelemetryService/MetricDefinitions/PMT_Socket0_0x22806802_Core78_CSTATE_RESIDENCY_C1,#MetricDefinition.v1_3_4.MetricDefinition,GET,,200,,,,,
/redfish/v1/TelemetryService/MetricDefinitions/PMT_Socket0_0x22806802_Core79_CSTATE_RESIDENCY_C0,#MetricDefinition.v1_3_4.MetricDefinition,GET,,200,,,,,
/redfish/v1/TelemetryService/MetricDefinitions/PMT_Socket0_0x22806802_Core79_CSTATE_RESIDENCY_C1,#MetricDefinition.v1_3_4.MetricDefinition,GET,,200,,,,,
/redfish/v1/TelemetryService/MetricDefinitions/PMT_Socket0_0x22806802_Core7_CSTATE_RESIDENCY_C0,#MetricDefinition.v1_3_4.MetricDefinition,GET,,200,,,,,
/redfish/v1/TelemetryService/MetricDefinitions/PMT_Socket0_0x22806802_Core7_CSTATE_RESIDENCY_C1,#MetricDefinition.v1_3_4.MetricDefinition,GET,,200,,,,,
/redfish/v1/TelemetryService/MetricDefinitions/PMT_Socket0_0x22806802_Core80_CSTATE_RESIDENCY_C0,#MetricDefinition.v1_3_4.MetricDefinition,GET,,200,,,,,
/redfish/v1/TelemetryService/MetricDefinitions/PMT_Socket0_0x22806802_Core80_CSTATE_RESIDENCY_C1,#MetricDefinition.v1_3_4.MetricDefinition,GET,,200,,,,,
/redfish/v1/TelemetryService/MetricDefinitions/PMT_Socket0_0x22806802_Core81_CSTATE_RESIDENCY_C0,#MetricDefinition.v1_3_4.MetricDefinition,GET,,200,,,,,
/redfish/v1/TelemetryService/MetricDefinitions/PMT_Socket0_0x22806802_Core81_CSTATE_RESIDENCY_C1,#MetricDefinition.v1_3_4.MetricDefinition,GET,,200,,,,,
/redfish/v1/TelemetryService/MetricDefinitions/PMT_Socket0_0x22806802_Core82_CSTATE_RESIDENCY_C0,#MetricDefinition.v1_3_4.MetricDefinition,GET,,200,,,,,
/redfish/v1/TelemetryService/MetricDefinitions/PMT_Socket0_0x22806802_Core82_CSTATE_RESIDENCY_C1,#MetricDefinition.v1_3_4.MetricDefinition,GET,,200,,,,,
/redfish/v1/TelemetryService/MetricDefinitions/PMT_Socket0_0x22806802_Core83_CSTATE_RESIDENCY_C0,#MetricDefinition.v1_3_4.MetricDefinition,GET,,200,,,,,
/redfish/v1/TelemetryService/MetricDefinitions/PMT_Socket0_0x22806802_Core83_CSTATE_RESIDENCY_C1,#MetricDefinition.v1_3_4.MetricDefinition,GET,,200,,,,,
/redfish/v1/TelemetryService/MetricDefinitions/PMT_Socket0_0x22806802_Core84_CSTATE_RESIDENCY_C0,#MetricDefinition.v1_3_4.MetricDefinition,GET,,200,,,,,
/redfish/v1/TelemetryService/MetricDefinitions/PMT_Socket0_0x22806802_Core84_CSTATE_RESIDENCY_C1,#MetricDefinition.v1_3_4.MetricDefinition,GET,,200,,,,,
/redfish/v1/TelemetryService/MetricDefinitions/PMT_Socket0_0x22806802_Core85_CSTATE_RESIDENCY_C0,#MetricDefinition.v1_3_4.MetricDefinition,GET,,200,,,,,
/redfish/v1/TelemetryService/MetricDefinitions/PMT_Socket0_0x22806802_Core85_CSTATE_RESIDENCY_C1,#MetricDefinition.v1_3_4.MetricDefinition,GET,,200,,,,,
/redfish/v1/TelemetryService/MetricDefinitions/PMT_Socket0_0x22806802_Core8_CSTATE_RESIDENCY_C0,#MetricDefinition.v1_3_4.MetricDefinition,GET,,200,,,,,
/redfish/v1/TelemetryService/MetricDefinitions/PMT_Socket0_0x22806802_Core8_CSTATE_RESIDENCY_C1,#MetricDefinition.v1_3_4.MetricDefinition,GET,,200,,,,,
/redfish/v1/TelemetryService/MetricDefinitions/PMT_Socket0_0x22806802_Core9_CSTATE_RESIDENCY_C0,#MetricDefinition.v1_3_4.MetricDefinition,GET,,200,,,,,
/redfish/v1/TelemetryService/MetricDefinitions/PMT_Socket0_0x22806802_Core9_CSTATE_RESIDENCY_C1,#MetricDefinition.v1_3_4.MetricDefinition,GET,,200,,,,,
/redfish/v1/TelemetryService/MetricDefinitions/PMT_Socket0_0x477e9373_CHA1_RMID0_RDT_CMT,#MetricDefinition.v1_3_4.MetricDefinition,GET,,200,,,,,
/redfish/v1/TelemetryService/MetricDefinitions/PMT_Socket0_0x477e9373_CHA1_RMID0_RDT_MBM_LOCAL,#MetricDefinition.v1_3_4.MetricDefinition,GET,,200,,,,,
/redfish/v1/TelemetryService/MetricDefinitions/PMT_Socket0_0x477e9373_CHA1_RMID0_RDT_MBM_TOTAL,#MetricDefinition.v1_3_4.MetricDefinition,GET,,200,,,,,
/redfish/v1/TelemetryService/MetricDefinitions/PMT_Socket0_0x477e9373_CHA1_RMID1_RDT_CMT,#MetricDefinition.v1_3_4.MetricDefinition,GET,,200,,,,,
/redfish/v1/TelemetryService/MetricDefinitions/PMT_Socket0_0x477e9373_CHA1_RMID1_RDT_MBM_LOCAL,#MetricDefinition.v1_3_4.MetricDefinition,GET,,200,,,,,
/redfish/v1/TelemetryService/MetricDefinitions/PMT_Socket0_0x477e9373_CHA1_RMID1_RDT_MBM_TOTAL,#MetricDefinition.v1_3_4.MetricDefinition,GET,,200,,,,,
/redfish/v1/TelemetryService/MetricDefinitions/PMT_Socket0_0x477e9373_CHA1_RMID2_RDT_CMT,#MetricDefinition.v1_3_4.MetricDefinition,GET,,200,,,,,
/redfish/v1/TelemetryService/MetricDefinitions/PMT_Socket0_0x477e9373_CHA1_RMID2_RDT_MBM_LOCAL,#MetricDefinition.v1_3_4.MetricDefinition,GET,,200,,,,,
/redfish/v1/TelemetryService/MetricDefinitions/PMT_Socket0_0x477e9373_CHA1_RMID2_RDT_MBM_TOTAL,#MetricDefinition.v1_3_4.MetricDefinition,GET,,200,,,,,
/redfish/v1/TelemetryService/MetricDefinitions/PMT_Socket0_0x477e9373_CHA1_RMID3_RDT_CMT,#MetricDefinition.v1_3_4.MetricDefinition,GET,,200,,,,,
/redfish/v1/TelemetryService/MetricDefinitions/PMT_Socket0_0x477e9373_CHA1_RMID3_RDT_MBM_LOCAL,#MetricDefinition.v1_3_4.MetricDefinition,GET,,200,,,,,
/redfish/v1/TelemetryService/MetricDefinitions/PMT_Socket0_0x477e9373_CHA1_RMID3_RDT_MBM_TOTAL,#MetricDefinition.v1_3_4.MetricDefinition,GET,,200,,,,,
/redfish/v1/TelemetryService/MetricDefinitions/PMT_Socket0_0x477e9373_CHA1_RMID4_RDT_CMT,#MetricDefinition.v1_3_4.MetricDefinition,GET,,200,,,,,
/redfish/v1/TelemetryService/MetricDefinitions/PMT_Socket0_0x477e9373_CHA1_RMID4_RDT_MBM_LOCAL,#MetricDefinition.v1_3_4.MetricDefinition,GET,,200,,,,,
/redfish/v1/TelemetryService/MetricDefinitions/PMT_Socket0_0x477e9373_CHA1_RMID4_RDT_MBM_TOTAL,#MetricDefinition.v1_3_4.MetricDefinition,GET,,200,,,,,
/redfish/v1/TelemetryService/MetricDefinitions/PMT_Socket0_0x477e9373_CHA1_RMID5_RDT_CMT,#MetricDefinition.v1_3_4.MetricDefinition,GET,,200,,,,,
/redfish/v1/TelemetryService/MetricDefinitions/PMT_Socket0_0x477e9373_CHA1_RMID5_RDT_MBM_LOCAL,#MetricDefinition.v1_3_4.MetricDefinition,GET,,200,,,,,
/redfish/v1/TelemetryService/MetricDefinitions/PMT_Socket0_0x477e9373_CHA1_RMID5_RDT_MBM_TOTAL,#MetricDefinition.v1_3_4.MetricDefinition,GET,,200,,,,,
/redfish/v1/TelemetryService/MetricDefinitions/PMT_Socket0_0x477e9373_CHA1_RMID6_RDT_CMT,#MetricDefinition.v1_3_4.MetricDefinition,GET,,200,,,,,
/redfish/v1/TelemetryService/MetricDefinitions/PMT_Socket0_0x477e9373_CHA1_RMID6_RDT_MBM_LOCAL,#MetricDefinition.v1_3_4.MetricDefinition,GET,,200,,,,,
/redfish/v1/TelemetryService/MetricDefinitions/PMT_Socket0_0x477e9373_CHA1_RMID6_RDT_MBM_TOTAL,#MetricDefinition.v1_3_4.MetricDefinition,GET,,200,,,,,
/redfish/v1/TelemetryService/MetricDefinitions/PMT_Socket0_0x477e9373_CHA1_RMID7_RDT_CMT,#MetricDefinition.v1_3_4.MetricDefinition,GET,,200,,,,,
/redfish/v1/TelemetryService/MetricDefinitions/PMT_Socket0_0x477e9373_CHA1_RMID7_RDT_MBM_LOCAL,#MetricDefinition.v1_3_4.MetricDefinition,GET,,200,,,,,
/redfish/v1/TelemetryService/MetricDefinitions/PMT_Socket0_0x477e9373_CHA1_RMID7_RDT_MBM_TOTAL,#MetricDefinition.v1_3_4.MetricDefinition,GET,,200,,,,,
/redfish/v1/TelemetryService/MetricDefinitions/PMT_Socket0_0x477e9373_CHA2_RMID0_RDT_CMT,#MetricDefinition.v1_3_4.MetricDefinition,GET,,200,,,,,
/redfish/v1/TelemetryService/MetricDefinitions/PMT_Socket0_0x477e9373_CHA2_RMID1_RDT_CMT,#MetricDefinition.v1_3_4.MetricDefinition,GET,,200,,,,,
/redfish/v1/TelemetryService/MetricDefinitions/PMT_Socket0_0x477e9373_CHA2_RMID2_RDT_CMT,#MetricDefinition.v1_3_4.MetricDefinition,GET,,200,,,,,
/redfish/v1/TelemetryService/MetricDefinitions/PMT_Socket0_0x477e9373_CHA2_RMID3_RDT_CMT,#MetricDefinition.v1_3_4.MetricDefinition,GET,,200,,,,,
/redfish/v1/TelemetryService/MetricDefinitions/PMT_Socket0_0x477e9373_CHA2_RMID4_RDT_CMT,#MetricDefinition.v1_3_4.MetricDefinition,GET,,200,,,,,
/redfish/v1/TelemetryService/MetricDefinitions/PMT_Socket0_0x477e9373_CHA2_RMID5_RDT_CMT,#MetricDefinition.v1_3_4.MetricDefinition,GET,,200,,,,,
/redfish/v1/TelemetryService/MetricDefinitions/PMT_Socket0_0x477e9373_CHA2_RMID6_RDT_CMT,#MetricDefinition.v1_3_4.MetricDefinition,GET,,200,,,,,
/redfish/v1/TelemetryService/MetricDefinitions/PMT_Socket0_0x477e9373_CHA2_RMID7_RDT_CMT,#MetricDefinition.v1_3_4.MetricDefinition,GET,,200,,,,,
/redfish/v1/TelemetryService/MetricDefinitions/PMT_Socket0_0x477e9373_CHA61_RMID0_RDT_CMT,#MetricDefinition.v1_3_4.MetricDefinition,GET,,200,,,,,
/redfish/v1/TelemetryService/MetricDefinitions/PMT_Socket0_0x477e9373_CHA61_RMID0_RDT_MBM_LOCAL,#MetricDefinition.v1_3_4.MetricDefinition,GET,,200,,,,,
/redfish/v1/TelemetryService/MetricDefinitions/PMT_Socket0_0x477e9373_CHA61_RMID0_RDT_MBM_TOTAL,#MetricDefinition.v1_3_4.MetricDefinition,GET,,200,,,,,
/redfish/v1/TelemetryService/MetricDefinitions/PMT_Socket0_0x477e9373_CHA61_RMID1_RDT_CMT,#MetricDefinition.v1_3_4.MetricDefinition,GET,,200,,,,,
/redfish/v1/TelemetryService/MetricDefinitions/PMT_Socket0_0x477e9373_CHA61_RMID1_RDT_MBM_LOCAL,#MetricDefinition.v1_3_4.MetricDefinition,GET,,200,,,,,
/redfish/v1/TelemetryService/MetricDefinitions/PMT_Socket0_0x477e9373_CHA61_RMID1_RDT_MBM_TOTAL,#MetricDefinition.v1_3_4.MetricDefinition,GET,,200,,,,,
/redfish/v1/TelemetryService/MetricDefinitions/PMT_Socket0_0x477e9373_CHA61_RMID2_RDT_CMT,#MetricDefinition.v1_3_4.MetricDefinition,GET,,200,,,,,
/redfish/v1/TelemetryService/MetricDefinitions/PMT_Socket0_0x477e9373_CHA61_RMID2_RDT_MBM_LOCAL,#MetricDefinition.v1_3_4.MetricDefinition,GET,,200,,,,,
/redfish/v1/TelemetryService/MetricDefinitions/PMT_Socket0_0x477e9373_CHA61_RMID2_RDT_MBM_TOTAL,#MetricDefinition.v1_3_4.MetricDefinition,GET,,200,,,,,
/redfish/v1/TelemetryService/MetricDefinitions/PMT_Socket0_0x477e9373_CHA61_RMID3_RDT_CMT,#MetricDefinition.v1_3_4.MetricDefinition,GET,,200,,,,,
/redfish/v1/TelemetryService/MetricDefinitions/PMT_Socket0_0x477e9373_CHA61_RMID3_RDT_MBM_LOCAL,#MetricDefinition.v1_3_4.MetricDefinition,GET,,200,,,,,
/redfish/v1/TelemetryService/MetricDefinitions/PMT_Socket0_0x477e9373_CHA61_RMID3_RDT_MBM_TOTAL,#MetricDefinition.v1_3_4.MetricDefinition,GET,,200,,,,,
/redfish/v1/TelemetryService/MetricDefinitions/PMT_Socket0_0x477e9373_CHA61_RMID4_RDT_CMT,#MetricDefinition.v1_3_4.MetricDefinition,GET,,200,,,,,
/redfish/v1/TelemetryService/MetricDefinitions/PMT_Socket0_0x477e9373_CHA61_RMID4_RDT_MBM_LOCAL,#MetricDefinition.v1_3_4.MetricDefinition,GET,,200,,,,,
/redfish/v1/TelemetryService/MetricDefinitions/PMT_Socket0_0x477e9373_CHA61_RMID4_RDT_MBM_TOTAL,#MetricDefinition.v1_3_4.MetricDefinition,GET,,200,,,,,
/redfish/v1/TelemetryService/MetricDefinitions/PMT_Socket0_0x477e9373_CHA61_RMID5_RDT_CMT,#MetricDefinition.v1_3_4.MetricDefinition,GET,,200,,,,,
/redfish/v1/TelemetryService/MetricDefinitions/PMT_Socket0_0x477e9373_CHA61_RMID5_RDT_MBM_LOCAL,#MetricDefinition.v1_3_4.MetricDefinition,GET,,200,,,,,
/redfish/v1/TelemetryService/MetricDefinitions/PMT_Socket0_0x477e9373_CHA61_RMID5_RDT_MBM_TOTAL,#MetricDefinition.v1_3_4.MetricDefinition,GET,,200,,,,,
/redfish/v1/TelemetryService/MetricDefinitions/PMT_Socket0_0x477e9373_CHA61_RMID6_RDT_CMT,#MetricDefinition.v1_3_4.MetricDefinition,GET,,200,,,,,
/redfish/v1/TelemetryService/MetricDefinitions/PMT_Socket0_0x477e9373_CHA61_RMID6_RDT_MBM_LOCAL,#MetricDefinition.v1_3_4.MetricDefinition,GET,,200,,,,,
/redfish/v1/TelemetryService/MetricDefinitions/PMT_Socket0_0x477e9373_CHA61_RMID6_RDT_MBM_TOTAL,#MetricDefinition.v1_3_4.MetricDefinition,GET,,200,,,,,
/redfish/v1/TelemetryService/MetricDefinitions/PMT_Socket0_0x477e9373_CHA61_RMID7_RDT_CMT,#MetricDefinition.v1_3_4.MetricDefinition,GET,,200,,,,,
/redfish/v1/TelemetryService/MetricDefinitions/PMT_Socket0_0x477e9373_CHA61_RMID7_RDT_MBM_LOCAL,#MetricDefinition.v1_3_4.MetricDefinition,GET,,200,,,,,
/redfish/v1/TelemetryService/MetricDefinitions/PMT_Socket0_0x477e9373_CHA61_RMID7_RDT_MBM_TOTAL,#MetricDefinition.v1_3_4.MetricDefinition,GET,,200,,,,,
/redfish/v1/TelemetryService/MetricDefinitions/PMT_Socket0_0x477e9373_CHA62_RMID0_RDT_CMT,#MetricDefinition.v1_3_4.MetricDefinition,GET,,200,,,,,
/redfish/v1/TelemetryService/MetricDefinitions/PMT_Socket0_0x477e9373_CHA62_RMID1_RDT_CMT,#MetricDefinition.v1_3_4.MetricDefinition,GET,,200,,,,,
/redfish/v1/TelemetryService/MetricDefinitions/PMT_Socket0_0x477e9373_CHA62_RMID2_RDT_CMT,#MetricDefinition.v1_3_4.MetricDefinition,GET,,200,,,,,
/redfish/v1/TelemetryService/MetricDefinitions/PMT_Socket0_0x477e9373_CHA62_RMID3_RDT_CMT,#MetricDefinition.v1_3_4.MetricDefinition,GET,,200,,,,,
/redfish/v1/TelemetryService/MetricDefinitions/PMT_Socket0_0x477e9373_CHA62_RMID4_RDT_CMT,#MetricDefinition.v1_3_4.MetricDefinition,GET,,200,,,,,
/redfish/v1/TelemetryService/MetricDefinitions/PMT_Socket0_0x477e9373_CHA62_RMID5_RDT_CMT,#MetricDefinition.v1_3_4.MetricDefinition,GET,,200,,,,,
/redfish/v1/TelemetryService/MetricDefinitions/PMT_Socket0_0x477e9373_CHA62_RMID6_RDT_CMT,#MetricDefinition.v1_3_4.MetricDefinition,GET,,200,,,,,
/redfish/v1/TelemetryService/MetricDefinitions/PMT_Socket0_0x477e9373_CHA62_RMID7_RDT_CMT,#MetricDefinition.v1_3_4.MetricDefinition,GET,,200,,,,,
/redfish/v1/TelemetryService/MetricReportDefinitions,#MetricReportDefinitionCollection.MetricReportDefinitionCollection,"GET,POST",,200,,,,,
/redfish/v1/TelemetryService/MetricReportDefinitions/AvgPowerConsumptionDay,#MetricReportDefinition.v1_4_6.MetricReportDefinition,"GET,PATCH,DELETE",,200,,,,,
/redfish/v1/TelemetryService/MetricReportDefinitions/AvgPowerConsumptionHour,#MetricReportDefinition.v1_4_6.MetricReportDefinition,"GET,PATCH,DELETE",,200,,,,,
/redfish/v1/TelemetryService/MetricReportDefinitions/AvgPowerConsumptionWeek,#MetricReportDefinition.v1_4_6.MetricReportDefinition,"GET,PATCH,DELETE",,200,,,,,
/redfish/v1/TelemetryService/MetricReportDefinitions/BroadcomEvent,#MetricReportDefinition.v1_4_6.MetricReportDefinition,"GET,PATCH,DELETE",,200,,,,,
/redfish/v1/TelemetryService/MetricReportDefinitions/CPUMemMetrics,#MetricReportDefinition.v1_4_6.MetricReportDefinition,"GET,PATCH,DELETE",,200,,,,,
/redfish/v1/TelemetryService/MetricReportDefinitions/CUPSMetrics,#MetricReportDefinition.v1_4_6.MetricReportDefinition,"GET,PATCH,DELETE",,200,,,,,
/redfish/v1/TelemetryService/MetricReportDefinitions/MaxPowerConsumptionDay,#MetricReportDefinition.v1_4_6.MetricReportDefinition,"GET,PATCH,DELETE",,200,,,,,
/redfish/v1/TelemetryService/MetricReportDefinitions/MaxPowerConsumptionHour,#MetricReportDefinition.v1_4_6.MetricReportDefinition,"GET,PATCH,DELETE",,200,,,,,
/redfish/v1/TelemetryService/MetricReportDefinitions/MaxPowerConsumptionWeek,#MetricReportDefinition.v1_4_6.MetricReportDefinition,"GET,PATCH,DELETE",,200,,,,,
/redfish/v1/TelemetryService/MetricReportDefinitions/MinPowerConsumptionDay,#MetricReportDefinition.v1_4_6.MetricReportDefinition,"GET,PATCH,DELETE",,200,,,,,
/redfish/v1/TelemetryService/MetricReportDefinitions/MinPowerConsumptionHour,#MetricReportDefinition.v1_4_6.MetricReportDefinition,"GET,PATCH,DELETE",,200,,,,,
/redfish/v1/TelemetryService/MetricReportDefinitions/MinPowerConsumptionWeek,#MetricReportDefinition.v1_4_6.MetricReportDefinition,"GET,PATCH,DELETE",,200,,,,,
/redfish/v1/TelemetryService/MetricReports,#MetricReportCollection.MetricReportCollection,GET,,200,,,,,
/redfish/v1/TelemetryService/MetricReports/AvgPowerConsumptionDay,#MetricReport.v1_5_2.MetricReport,GET,,200,,,,,
/redfish/v1/TelemetryService/MetricReports/AvgPowerConsumptionHour,#MetricReport.v1_5_2.MetricReport,GET,,200,,,,,
/redfish/v1/TelemetryService/MetricReports/AvgPowerConsumptionWeek,#MetricReport.v1_5_2.MetricReport,GET,,200,,,,,
/redfish/v1/TelemetryService/MetricReports/BroadcomEvent,#MetricReport.v1_5_2.MetricReport,GET,,200,,,,,
/redfish/v1/TelemetryService/MetricReports/CPUMemMetrics,#MetricReport.v1_5_2.MetricReport,GET,,200,,,,,
/redfish/v1/TelemetryService/MetricReports/CUPSMetrics,#MetricReport.v1_5_2.MetricReport,GET,,200,,,,,
/redfish/v1/TelemetryService/MetricReports/MaxPowerConsumptionDay,#MetricReport.v1_5_2.MetricReport,GET,,200,,,,,
/redfish/v1/TelemetryService/MetricReports/MaxPowerConsumptionHour,#MetricReport.v1_5_2.MetricReport,GET,,200,,,,,
/redfish/v1/TelemetryService/MetricReports/MaxPowerConsumptionWeek,#MetricReport.v1_5_2.MetricReport,GET,,200,,,,,
/redfish/v1/TelemetryService/MetricReports/MinPowerConsumptionDay,#MetricReport.v1_5_2.MetricReport,GET,,200,,,,,
/redfish/v1/TelemetryService/MetricReports/MinPowerConsumptionHour,#MetricReport.v1_5_2.MetricReport,GET,,200,,,,,
/redfish/v1/TelemetryService/MetricReports/MinPowerConsumptionWeek,#MetricReport.v1_5_2.MetricReport,GET,,200,,,,,
/redfish/v1/UpdateService,#UpdateService.v1_16_0.UpdateService,"GET,PATCH",,200,,,,,
/redfish/v1/UpdateService/FirmwareInventory,#SoftwareInventoryCollection.SoftwareInventoryCollection,GET,,200,,,,,
/redfish/v1/UpdateService/FirmwareInventory/BIOS,#SoftwareInventory.v1_12_0.SoftwareInventory,"GET,PATCH",,200,Supermicro,,,,
/redfish/v1/UpdateService/FirmwareInventory/BMC,#SoftwareInventory.v1_12_0.SoftwareInventory,"GET,PATCH",,200,Supermicro,,,,
/redfish/v1/UpdateService/FirmwareInventory/Backup_BIOS,#SoftwareInventory.v1_12_0.SoftwareInventory,"GET,PATCH",,200,,,,,
/redfish/v1/UpdateService/FirmwareInventory/Backup_BMC,#SoftwareInventory.v1_12_0.SoftwareInventory,"GET,PATCH",,200,Supermicro,,,,
/redfish/v1/UpdateService/FirmwareInventory/Capsule_BIOS,#SoftwareInventory.v1_12_0.SoftwareInventory,"GET,PATCH",,200,Supermicro,,,,
/redfish/v1/UpdateService/FirmwareInventory/Golden_BIOS,#SoftwareInventory.v1_12_0.SoftwareInventory,"GET,PATCH",,200,,,,,
/redfish/v1/UpdateService/FirmwareInventory/Golden_BMC,#SoftwareInventory.v1_12_0.SoftwareInventory,"GET,PATCH",,200,Supermicro,,,,
/redfish/v1/UpdateService/FirmwareInventory/Golden_Motherboard_CPLD_1,#SoftwareInventory.v1_12_0.SoftwareInventory,"GET,PATCH",,200,,,,,
/redfish/v1/UpdateService/FirmwareInventory/Motherboard_CPLD_1,#SoftwareInventory.v1_12_0.SoftwareInventory,"GET,PATCH",,200,,,,,
/redfish/v1/UpdateService/Oem/Supermicro/BMCConfig,#SupermicroBMCConfig.v1_0_0.SupermicroBMCConfig,GET,"SupermicroBMCConfig.Download,SupermicroBMCConfig.Upload",200,,,,,
/redfish/v1/UpdateService/Oem/Supermicro/SSLCert,#SSLCert.v1_0_0.SSLCert,GET,SmcSSLCert.Upload,200,,,,,
/redfish/v1/UpdateService/UpdateServiceCapabilities,#UpdateServiceCapabilities.v1_0_0.UpdateServiceCapabilities,GET,,200,,,,,
